SEQUENCE	IS_AMIL
AAAQAA	No
AAELRN	No
AAIDWF	No
AAIGWG	No
AAIIGQ	Yes
AALQSS	No
AAPKPK	No
AAQAAL	No
AARRFF	No
AATVYV	Yes
AAVDQT	No
ACGVIG	No
ADVGQG	No
ADVSIE	No
AEKLFD	No
AEMEYL	No
AENGKS	No
AESDKK	No
AETKEP	No
AEVLAL	No
AEVVFT	Yes
AFSINP	No
AGFQPQ	No
AGGYYQ	No
AGSGSG	No
AGVNYF	Yes
AGYQQQ	No
AIDWFD	No
AIGWGS	No
AIIGLM	Yes
AILSST	Yes
AINKIQ	No
AISNNN	No
AIVAGD	Yes
AIVAGS	Yes
AIVAGT	Yes
ALALQT	No
ALEEYT	Yes
ALQSSW	No
ALQTDA	No
AMMAAA	No
AMNITN	No
ANATKK	No
ANFLVH	Yes
ANNNSN	No
ANNYSS	No
APKPKK	No
AQAALQ	No
AQAQPA	No
AQFIIS	Yes
AQIVYK	No
AQPAGG	No
ASNAGS	No
ASQQNQ	No
ASRQNQ	No
ASSSNY	Yes
ATAHQY	No
ATKKVD	No
ATLDQW	No
ATTRTV	No
ATVIIE	Yes
ATVQAF	Yes
ATVSFD	No
AVDQTA	No
AVFIIY	Yes
AVTTGV	No
AYNAQA	No
CATVYV	Yes
CGVIGI	Yes
CILFWG	Yes
CPSGNN	No
CQIVYK	Yes
CTIYWG	Yes
CTLWWG	Yes
CTVFIG	Yes
CTVWWG	Yes
DADLYL	No
DAGYQQ	No
DATVYV	No
DCVNIT	Yes
DDSLFF	No
DECFFF	No
DENNTF	No
DETVIV	No
DFNKFH	Yes
DFQKQQ	No
DHCIIG	Yes
DHCIIW	Yes
DIDLHL	Yes
DIEVDL	No
DILTYT	No
DKKEEE	No
DLLKNG	No
DLTITQ	No
DLTQRG	No
DNNTIF	No
DQIVYK	Yes
DQTASN	No
DQWNGK	No
DSNQGN	No
DSVISL	Yes
DTKPAE	No
DTVIIE	Yes
DVGQGS	No
DVNRNG	No
DVSIED	No
EALYLV	No
EATVSF	No
EATVYV	No
ECFFFE	No
EDSVIS	No
EECLFL	No
EEEKSA	No
EEKKEE	No
EEKPVQ	No
EEKSAE	No
EEKSEL	No
EEPVKK	No
EGVLYV	Yes
EHSDLS	No
EKDEYA	No
EKKEEK	No
EKNLYL	No
EKPVQT	No
EKSAET	No
EKSELP	No
ELNIYQ	No
ELPKVE	No
EMTVKQ	No
EPTKVE	No
EPTREP	No
EPVKKE	No
EQIVYK	Yes
ERGFFY	No
ERIEKV	No
ESDKKE	No
ESNTNN	No
ETKEPT	No
ETVIIE	Yes
ETVIVI	No
ETWFFG	No
EVDLLK	No
EVTTGV	No
EYLKIA	No
EYSNFS	Yes
FAIRHF	Yes
FATVYV	Yes
FERQHM	No
FESNFN	Yes
FFNLNN	No
FFWRFM	No
FFYTPK	No
FGAFSI	No
FGELFE	No
FGGGNG	No
FGNNAT	No
FGNQSG	No
FGNSAT	No
FGNSRG	No
FGTFSI	No
FHPSDI	No
FINYTN	No
FIVNIV	Yes
FKQIGI	No
FLKYFT	No
FLVHSS	Yes
FMFFII	No
FMFNDL	No
FMSNDL	No
FNKFGG	No
FNPQGG	No
FNYNNN	No
FQIVYK	Yes
FQKQQK	No
FQPQSQ	No
FSINPA	Yes
FSKDWS	No
FSNATN	No
FTFIQF	Yes
FTPTEK	No
FTVIIE	Yes
FVFYIF	Yes
FVNQHL	No
FYLLYY	Yes
FYTPKT	No
GAAIGW	No
GAAVDQ	No
GADVGQ	No
GAFSIN	No
GAIIGL	Yes
GAILSS	Yes
GAITIG	Yes
GATVYV	Yes
GDCFIL	Yes
GDHCII	Yes
GDVIEV	Yes
GEATVS	No
GELAVA	Yes
GERGFF	No
GEWTYD	Yes
GFFNLQ	No
GFFQQQ	Yes
GFFYTP	No
GFGNNA	No
GFGNQS	No
GFGNSA	No
GFGNSR	No
GFNKFG	No
GFNNSA	No
GFNNTP	No
GFPGSF	No
GFQPQS	No
GFSGSF	No
GFSNNN	No
GGFGNQ	No
GGFNKF	No
GGGGNH	No
GGGGNN	No
GGGMNF	No
GGGNGA	No
GGGNHG	No
GGGNNS	Yes
GGGNSA	No
GGMNFG	No
GGNGAA	No
GGNGAD	No
GGNHGG	No
GGNNSG	No
GGNSAL	No
GGQQQS	No
GGRGNY	No
GGVLVN	Yes
GGVVIA	Yes
GGYLLG	Yes
GGYMLG	Yes
GGYQQQ	No
GGYQQY	No
GGYVLG	Yes
GGYYQN	No
GIFNIK	Yes
GIIKTN	No
GIKLAN	No
GIVIVA	Yes
GKQAYQ	No
GKQGYQ	No
GLCYFN	Yes
GLFINM	Yes
GLLLWQ	No
GLSIFV	Yes
GMFNIQ	No
GMLASQ	No
GMLASR	No
GMMGML	Yes
GMNFGA	No
GMNFGT	No
GMSLND	No
GNCFIL	Yes
GNFNNL	Yes
GNGAAV	No
GNGADV	No
GNHGGG	No
GNNATA	No
GNNQQN	No
GNNRYQ	No
GNNSGP	No
GNNSYS	No
GNQQQG	No
GNQSGF	No
GNSALA	No
GNSATL	No
GNTCVN	Yes
GNVAVA	Yes
GNVCIN	Yes
GNYKNF	No
GQGSDD	No
GQIVYK	No
GQNNTQ	No
GQQNQY	No
GQQQSY	No
GQQSYS	No
GQSSYS	No
GRGNYK	No
GRIGIA	No
GSASNA	No
GSGFNG	No
GSGSGF	No
GSHLVE	No
GSIAAT	Yes
GSNNTF	No
GSNSGA	No
GTFFIN	Yes
GTFFIT	Yes
GTFFQE	No
GTFNII	Yes
GTFSIN	No
GTLFWG	Yes
GTLVFM	Yes
GTVIIE	Yes
GTVLFM	Yes
GTVWWG	Yes
GVATVA	Yes
GVFNNQ	No
GVIGIA	Yes
GVIWIA	Yes
GVNNNN	No
GVNYFL	Yes
GVPGIA	No
GVQVGD	Yes
GVTIIT	No
GVVPQY	No
GVVTSE	Yes
GVVVVT	No
GVWWFF	Yes
GWGSAS	No
GYCFIL	Yes
GYFILQ	Yes
GYFLNF	Yes
GYFLNM	Yes
GYGQSS	No
GYMLGS	Yes
GYQAGF	No
GYQAYN	No
GYQQGG	No
GYQQQF	No
GYQQQY	No
GYQQYN	No
GYSGYQ	No
GYVIIK	Yes
GYVLGS	Yes
GYYQNY	No
HAFLII	No
HATVYV	Yes
HFVWIA	Yes
HGFNQQ	Yes
HGGGGN	No
HGGGNG	No
HGWLIM	Yes
HICNFF	Yes
HIFIIM	No
HIFLLC	Yes
HKALFW	No
HLFNLT	Yes
HLVEAL	No
HLVYIM	Yes
HNNNNN	No
HNNNSQ	No
HNSVNF	No
HNTNNA	No
HPAENG	No
HQFNLN	Yes
HQIVYK	No
HQLIIM	Yes
HSSNNF	Yes
HTAVTT	No
HTFNLL	Yes
HTVIIE	Yes
HWQNFA	No
HWRNFA	No
HYFNIF	Yes
IATVYV	Yes
ICSLYQ	No
IDLTQR	No
IEDSVI	No
IEKVEH	No
IEMIFV	Yes
IFDFIQ	Yes
IFNYNN	No
IFQINS	Yes
IGIIKT	No
IGNNSI	No
IGRTLV	No
IGRTLW	No
IGWGSA	No
IHKAQN	No
IIHFGS	Yes
IINFEQ	No
IINFIT	Yes
IIPFEQ	No
IITVTN	No
IKLANA	No
ILENIS	No
ILGSNN	No
ILQINS	Yes
ILVAGD	Yes
ILVAGS	Yes
INLYTD	No
INNMTN	No
INNVSN	No
INPAMM	No
IQIMIW	Yes
IQIVYK	Yes
IQNNSN	No
IQRTPK	No
IQVYSR	No
ISFLIF	Yes
ISLSGD	No
ISMTTS	No
ITLFWG	Yes
ITQHGG	No
ITVIIE	Yes
ITVTND	No
IVATTR	Yes
IVIRTP	No
IVIVAT	No
IVYSCE	Yes
IVYSWE	Yes
IYFNVQ	No
IYQYGG	Yes
KAAIDW	No
KAFIIQ	No
KAILFL	No
KAKEGV	Yes
KATVYV	Yes
KCLNYL	Yes
KCWCFT	Yes
KDWSFY	Yes
KECLIN	No
KEEEKS	No
KEEKPV	No
KEEKSE	No
KENIIF	No
KEPTRE	No
KGENFT	No
KHIIVA	Yes
KIVKWD	Yes
KKEEEK	No
KKEEKP	No
KKEEKS	No
KKTLKL	No
KKVDTK	No
KLANAT	No
KLFIIQ	Yes
KLFIQF	Yes
KLLEIA	No
KLLIYE	Yes
KLVFFA	Yes
KLVSSS	No
KMFFIQ	No
KNEEGA	Yes
KNFNYN	Yes
KPAESD	No
KPKKTL	No
KPVQTE	No
KQAAPK	No
KQFGGG	No
KQIGII	Yes
KQIVYK	Yes
KQQKQA	No
KSAETK	No
KSELPK	No
KSNFLN	No
KTKEGV	Yes
KTKEQV	Yes
KTKQGV	Yes
KTLKLV	No
KTVEGA	Yes
KTVIIE	Yes
KTVIIT	No
KTVIVE	No
KTVIYE	No
KTVLIE	No
KVDTKP	No
KVEDLK	No
KVEEPV	No
KVEHSD	No
KVQIIN	Yes
KWDRDM	No
KYLNWD	No
KYNNTG	No
LAAVYV	Yes
LACVYV	Yes
LADVYV	No
LAEAIG	No
LAEVYV	No
LAFVYV	Yes
LAGVYV	Yes
LAHVYV	Yes
LAIVYV	Yes
LAKVYV	No
LALQTD	No
LALVYV	Yes
LAMVYV	Yes
LANATK	No
LANFLV	Yes
LANVYV	Yes
LAPVYV	No
LAQVYV	Yes
LARVYV	No
LASQQN	No
LASRQN	No
LASVYV	Yes
LATAYV	No
LATCYV	Yes
LATDYV	No
LATEYV	No
LATFYV	Yes
LATGYV	No
LATHYV	No
LATIYV	Yes
LATKYV	No
LATLYV	Yes
LATMYV	Yes
LATNYV	No
LATPYV	No
LATQYV	No
LATRYV	No
LATSYV	No
LATTYV	No
LATVAV	Yes
LATVCV	Yes
LATVDV	Yes
LATVEV	Yes
LATVFV	Yes
LATVGV	Yes
LATVHV	Yes
LATVIV	Yes
LATVKV	Yes
LATVLV	Yes
LATVMV	Yes
LATVNV	Yes
LATVPV	Yes
LATVQV	Yes
LATVRV	Yes
LATVSV	Yes
LATVTV	Yes
LATVVV	Yes
LATVWV	Yes
LATVYA	No
LATVYC	Yes
LATVYD	No
LATVYE	Yes
LATVYF	Yes
LATVYG	No
LATVYH	No
LATVYI	Yes
LATVYK	No
LATVYL	No
LATVYM	Yes
LATVYN	Yes
LATVYP	No
LATVYQ	No
LATVYR	No
LATVYS	No
LATVYT	No
LATVYV	Yes
LATVYW	Yes
LATVYY	Yes
LATWYV	No
LATYYV	Yes
LAVAGD	Yes
LAVLFL	Yes
LAVVYV	Yes
LAWVYV	Yes
LAYVYV	Yes
LCTVYV	Yes
LDGFSR	No
LDGSSR	No
LDQWNG	No
LDTVYV	No
LEFWLQ	Yes
LETVYV	No
LFMFND	No
LFMSND	No
LFNNST	No
LFTVYV	Yes
LGNNSN	No
LGTVYV	Yes
LHTVYV	Yes
LIAGFN	No
LIFLIV	Yes
LINNSV	No
LITVYV	Yes
LIVAAD	Yes
LIVAGD	Yes
LIVAGE	Yes
LIVAGK	Yes
LIVAGS	Yes
LIVAGT	Yes
LKLVSS	No
LKNGER	No
LKTVYV	No
LKVKVL	Yes
LLAVVA	Yes
LLFCHI	No
LLFYHI	No
LLGPTI	No
LLNKTN	No
LLTVYV	Yes
LLVPTI	No
LLYYTE	Yes
LMNTTN	No
LMSLFG	No
LMTVYV	Yes
LNDFQK	No
LNIYQY	Yes
LNNITA	No
LNTVYV	Yes
LPKVED	No
LPTVYV	Yes
LQGYQA	No
LQIVYK	Yes
LQNVSN	No
LQSSWG	No
LQTDAR	No
LQTVYV	Yes
LRTVYV	No
LSFSKD	Yes
LSGDHC	No
LSQPKI	No
LSTVYV	Yes
LTFIQV	No
LTITQH	No
LTQRGF	No
LTTVYV	Yes
LTVIIE	Yes
LVEALY	Yes
LVFYQQ	Yes
LVHSSN	Yes
LVSSSG	No
LVTVYV	Yes
LWTVYV	Yes
LYQLEN	Yes
LYTVYV	Yes
LYVLIV	Yes
MAAAQA	No
MATVYV	Yes
MCSIFQ	Yes
MERLRI	No
MEWLRI	No
MGGGMN	No
MGMLAS	No
MGNNTV	No
MHVNIQ	Yes
MIENIQ	Yes
MIHFGN	Yes
MINLYT	No
MLASQQ	No
MLASRQ	No
MLVLFV	Yes
MMAAAQ	No
MMGMLA	No
MMHFGN	Yes
MNFGAF	No
MNFGTF	No
MQIVYK	Yes
MSDSNQ	No
MSLNDF	No
MTFIQN	Yes
MTVIIE	Yes
MTVKQF	No
MVGGVV	Yes
MYFFIF	No
MYWIIF	No
NAGSGS	No
NANASS	No
NANTSN	No
NAQAQP	No
NATAHQ	No
NATKKV	No
NATVYV	Yes
NDFQKQ	No
NDNNNN	No
NDNNSN	No
NENGNA	No
NFFIQS	No
NFFWLL	No
NFGAFS	No
NFGAIL	Yes
NFGEFS	Yes
NFGSVQ	Yes
NFGTFS	No
NFLVHS	Yes
NFNNGN	No
NFNYNN	No
NFVNYS	Yes
NGAAVD	No
NGADVG	No
NGERIE	No
NGIVIV	No
NGKSNF	No
NGNLSN	No
NGNLTS	No
NGNNSN	No
NGNQNR	No
NGNQQQ	No
NHFCIQ	Yes
NHGGGG	No
NHVTLS	Yes
NIDQSF	No
NIFNFT	Yes
NIFNIT	Yes
NIFWVQ	Yes
NIGNNS	No
NIGQSF	No
NINFFT	Yes
NINFIT	Yes
NININV	No
NINKSN	Yes
NINNNN	No
NINNSI	No
NINNST	No
NIQYQF	No
NISNNN	No
NIVLIM	No
NIYQYG	No
NKFGGP	No
NKGAII	Yes
NLFYQL	Yes
NLGPVL	No
NLQGYQ	No
NLYTDR	No
NMGGGM	No
NMNMNL	No
NNATAH	No
NNGGNN	No
NNLQGY	No
NNNGNQ	No
NNNISN	No
NNNISV	No
NNNKNN	No
NNNLQG	No
NNNNNE	No
NNNNSN	No
NNNNTN	No
NNNRGG	No
NNNSSS	No
NNNWSL	Yes
NNQNTF	Yes
NNQQNY	Yes
NNRYQG	No
NNSGPN	Yes
NNSYSG	No
NNTIFV	No
NPAMMA	No
NPDAGY	No
NPQGGR	No
NPQGGY	No
NQFIIS	Yes
NQFNLM	Yes
NQGNNQ	No
NQGYNT	No
NQIVYK	Yes
NQNMNN	No
NQNNFV	Yes
NQQNQY	Yes
NQQNYQ	No
NQQQGN	No
NQSCPS	No
NQSGFG	No
NQYNSS	No
NRYQGY	No
NSALAL	No
NSATLD	No
NSGAAI	No
NSNINQ	No
NSNLTA	No
NSNNSN	No
NSNSSN	No
NSNTNT	No
NSNTTK	No
NSNYTQ	No
NSSFNG	No
NSYSGS	No
NTIFVQ	No
NTNNTS	No
NTVIIE	Yes
NVAMHV	No
NVAVHV	No
NVNFSN	No
NVTQVG	No
NYCNFV	Yes
NYFAIR	No
NYKNFN	No
NYNNNL	No
NYNNSG	No
NYNNSS	No
NYNTYR	No
NYQGYS	No
NYQQYS	No
NYVWIV	Yes
PAESDK	No
PAGGYY	No
PAMMAA	No
PATVYV	No
PDAGYQ	No
PGGFGN	No
PKIQVY	No
PKKTLK	No
PKPKKT	No
PKVEDL	No
PMINLY	No
QANKHI	Yes
QATVYV	Yes
QEMRHF	Yes
QFFLQF	Yes
QGVCFR	Yes
QILLWS	Yes
QLENYC	Yes
QLFINF	Yes
QLFLQI	Yes
QNLLWQ	Yes
QQIVYK	Yes
QQSLFQ	Yes
QTFLVN	Yes
QTVIIE	Yes
QYFEQF	Yes
QYGGNA	Yes
QYGGNN	Yes
RATVYV	Yes
RQVLIF	Yes
RTVIIE	Yes
RVFNIM	Yes
SALALQ	Yes
SATVYV	Yes
SAVIIE	Yes
SDVIIE	Yes
SELNIY	Yes
SEVIIE	Yes
SFFFIQ	Yes
SFLIFL	Yes
SFQIYA	Yes
SFVIIE	Yes
SGVIIE	Yes
SIVIIE	Yes
SLVIIE	Yes
SMVIIE	Yes
SMVLFS	Yes
SNQNNF	Yes
SNVIIE	Yes
SQAIIH	Yes
SQFYIT	Yes
SQIVYK	Yes
SQVIIE	Yes
SSNNFG	Yes
SSQVTQ	Yes
SSTNVG	Yes
SSTSAA	Yes
SSVIIE	Yes
STEIIE	Yes
STFIFE	Yes
STFIIE	Yes
STFLIE	Yes
STFTFE	Yes
STLIIE	Yes
STMSIT	Yes
STNIIE	Yes
STQIIE	Yes
STSIIE	Yes
STVEIE	Yes
STVFIE	Yes
STVIFE	Yes
STVIIA	Yes
STVIID	Yes
STVIIE	Yes
STVIIF	Yes
STVIIG	Yes
STVIII	Yes
STVIIL	Yes
STVIIM	Yes
STVIIN	Yes
STVIIQ	Yes
STVIIS	Yes
STVIIT	Yes
STVIIV	Yes
STVIIW	Yes
STVIIY	Yes
STVIYE	Yes
STVLIE	Yes
STVNIE	Yes
STVTIE	Yes
STVWIE	Yes
STVYIE	Yes
STWIFE	Yes
STWIIE	Yes
STWIYE	Yes
STWLIE	Yes
SVNLDV	Yes
SVSSSY	Yes
SVVIIE	Yes
SYSTMS	Yes
SYVIIE	Yes
TAMIIQ	Yes
TAMLGT	Yes
TASNSS	Yes
TATVYV	Yes
TAVTHR	Yes
TAVVTN	Yes
TCMLGT	Yes
TCVTHR	Yes
TFQINS	Yes
TGELAT	Yes
TIITLE	Yes
TIITVT	Yes
TQIVYK	Yes
TTVIIE	Yes
TYVEYI	Yes
VAFNIT	Yes
VAIVYK	Yes
VANFIT	Yes
VATVYV	Yes
VAVHVF	Yes
VCIVYK	Yes
VDIVYK	Yes
VEALYL	Yes
VEIVYK	Yes
VFFNNT	Yes
VFIVYK	Yes
VGIVYK	Yes
VHIVYK	Yes
VIFTIM	Yes
VIGIAQ	Yes
VIIVYK	Yes
VILLIS	Yes
VIVATT	Yes
VKIVYK	Yes
VLIVYK	Yes
VLVEAQ	Yes
VMIVYK	Yes
VNIVYK	Yes
VNQLYQ	Yes
VNVTQV	Yes
VQCVYK	Yes
VQFLQS	Yes
VQFVYK	Yes
VQICYK	Yes
VQIDYK	Yes
VQIFYK	Yes
VQIINK	Yes
VQIIYK	Yes
VQIKYK	Yes
VQILYK	Yes
VQIMYK	Yes
VQINYK	Yes
VQIQYK	Yes
VQIRYK	Yes
VQISYK	Yes
VQITYK	Yes
VQIVAK	Yes
VQIVCK	Yes
VQIVDK	Yes
VQIVEK	Yes
VQIVFK	Yes
VQIVGK	Yes
VQIVHK	Yes
VQIVIK	Yes
VQIVKK	Yes
VQIVLK	Yes
VQIVMK	Yes
VQIVNK	Yes
VQIVPK	Yes
VQIVQK	Yes
VQIVRK	Yes
VQIVSK	Yes
VQIVTK	Yes
VQIVVK	Yes
VQIVWK	Yes
VQIVYA	Yes
VQIVYC	Yes
VQIVYD	Yes
VQIVYE	Yes
VQIVYF	Yes
VQIVYG	Yes
VQIVYH	Yes
VQIVYI	Yes
VQIVYK	Yes
VQIVYL	Yes
VQIVYM	Yes
VQIVYN	Yes
VQIVYP	Yes
VQIVYQ	Yes
VQIVYR	Yes
VQIVYS	Yes
VQIVYT	Yes
VQIVYV	Yes
VQIVYW	Yes
VQIVYY	Yes
VQIWYK	Yes
VQIYYK	Yes
VQLVYK	Yes
VQMVYK	Yes
VQNVYK	Yes
VQQVYK	Yes
VQTVYK	Yes
VQVVYK	Yes
VRIVYK	Yes
VSFEIV	Yes
VSFLSA	Yes
VSIVYK	Yes
VSTTVV	Yes
VTFTIQ	Yes
VTIVYK	Yes
VTLHAT	Yes
VTLWWG	Yes
VTQVGF	Yes
VTSTFS	Yes
VTVIIE	Yes
VTVQAT	Yes
VVFFIC	Yes
VVIVYK	Yes
VVSTTV	Yes
VWIVYK	Yes
VYIMIG	Yes
VYIVYK	Yes
WATVYV	Yes
WIVIFF	Yes
WPNVIT	Yes
WQIVYK	Yes
WTFNLY	Yes
WTVIIE	Yes
WTVNYS	Yes
WVFWIG	Yes
YAELIV	Yes
YATVYV	Yes
YHLAMA	Yes
YIFNNC	Yes
YLFLQY	Yes
YLLWYC	Yes
YLLYYT	Yes
YLNWYQ	Yes
YLVNFT	Yes
YNNYNN	Yes
YQIVYK	Yes
YQLIWQ	Yes
YTVIIE	Yes
YVEYIG	Yes
YYQNYQ	Yes
IIGLMV	Yes
FDTAST	Yes
KVKVLG	Yes
GDVIEW	Yes
VKAVAK	Yes
IKGAIK	Yes
