SEQUENCE	IS_SNARE
Q9S7P9	Yes	MFGLRKSPANLPKHNSVDLKSSKPNPFDSDDESDNKHTLNPSKRTTSEPSLADMTNPFGGERVQKGDSSSSKQSLFSNSKYQYKNNFRDSGGIENQSVQELEGYAVYKAEETTKSVQGCLKVAEDIRSDATRTLVMLHDQGEQITRTHHKAVEIDHDLSRGEKLLGSLGGMFSKTWKPKKTRPINGPVVTRDDSPTRRVNHLEKREKLGLNSAPRGQSRTREPLPESADAYQRVEMEKAKQDDGLSDLSDILGELKNMAVDMGSEIEKQNKGLDHLHDDVDELNFRVQQSNQRGRRLLGK
P38736	Yes	MSSQPSFVTIRGKAISLETQTESLLSKYSTFAQTTSSEQTGQEKKIDKQLEGILGQRQDVIDSLTQICDSNPAISASKLSQLHRHKEILQDHWKSFRNIRSSIQQERNRLNLLFSVKNDIANSTTDAPAPIGDADEYIQNETRRIDQSNNVVDRLISQAWETRSQFHSQSNVLNTANNKVLQTLQRIPGVNQLIMKINTRRKKNAFVLATITTLCILFLFFTW
Q5SQN1	Yes	MRAARRGLHCAGAERPRRRGRLWDSSGVPQRQKRPGPWRTQTQEQMSRDVCIHTWPCTYYLEPKRRWVTGQLSLTSLSLRFMTDSTGEILVSFPLSSIVEIKKEASHFIFSSITILEKGHAKHWFSSLRPSRNVVFSIIEHFWRELLLSQPGAVADASVPRTRGEELTGLMAGSQKRLEDTARVLHHQGQQLDSVMRGLDKMESDLEVADRLLTELESPAWWPFSSKLWKTPPETKPREDVSMTSCEPFGKEGILIKIPAVISHRTESHVKPGRLTVLVSGLEIHDSSSLLMHRFEREDVDDIKVHSPYEISIRQRFIGKPDMAYRLISAKMPEVIPILEVQFSKKMELLEDALVLRSARTSSPAEKSCSVWHAASGLMGRTLHREPPAGDQEGTALHLQTSLPALSEADTQELTQILRRMKGLALEAESELERQDEALDGVAAAVDRATLTIDKHNRRMKRLT
O22151	Yes	MTESSLDLQESGWEELRREARKIEGDLDVKLSSYAKLGARFTQGDTDLVMNYEKVLKCVLVSGYVDTGSPTVGSGRSWKSMEMEIQSLLEKLLDINDSMSRCAASAAPTTSVTQKLARHRDILHEYTQEFRRIKGNINSLREHAELLSSVRDDISEYKASGSMSPGVQVLRERASIHGSISHIDDVIGQAQATRAVLGSQRSLFSDVQGKVKNLGDKFPVIRGLLGSIKRKRSRDTLILSAVIAACTLFLIIYWLSK
G5EEN8	Yes	MARKTIDSIPEPIALPTEETVQKRIKLKMVDLDAEIAKLNVQSLDSSIQMIRDIDQMNVDAVQTTAALEDQDEQLDKIEANLSNVIDDLNVVSHNITAMEHYCGCGFFRILRAPFKYFRKRERDIIKEEVLEKMTSPKLRRKEESNMMMFTNSSKRRESTGDFMKRLTCDAIEDELERNLMQIDQGLESVKNLAVDMHVQLKLQEPKLNRIEELTETNDFVVEGVNDKVKKLLH
P83351	Yes	MSRNPFDDDYRPSAASSTMPVKSYTTMGHYSGEDEADYYEREIEKTLQESLDSTERSRRHLENSEKIGTSTAQQLLEQREKLENTEKNLDEIHRTTQMTQRNLNSLKSFFGGMFKNKFTKKPQEPTETPTVPQSKSASRLSETATNLSSGGGSATFSGPSGQRTLTESSRSAIKGTRWEAMDNQIDENLDMMSANLRNLQRLGADLGKEVDSQNEMLDRIQYKAERNDGIVRDQDKQMQKILGTGASTSQTTAESLTPSMDTSTKMSLMMKATSLWK
Q8VHI8	Yes	MAAPQDVHVRICNQEIVKFDLEVKALIQDIRDCSGPLSELTELNTKVKEKFQQLKHRIQELEQSAKEQDKESEKQLLLQEVENHKKQMLSNQTSWRKANLTCKLAIDNLEKAELLQGGDSLRQRKTTKESLAQTSSTITESLMGISRMMSQQVQQSEEAMQTLVSSSRTLLDANEEFKSMSGTIQLGRKLITKYNRRELTDKLLIFLALALFLATVLYIVKKRLFPFL
Q59XP0	Yes	MGIKKMFQKKEPTEQEIREELSRVGISTRSNNTRQEKFGAFKNYAQERANMKPQLGPVGGNPYANINPGTNNNNNNPYANDNGNNSTGNPNNNSNSNNGGNPYGGGVTNNNPYGGSGGNGRGSSPSPYAPTTSTTTRSSNPYGNNNGSRSSQNTSSPYAKSTNNSSYSNSPYSGSTVNNGNRGGHSNNSNSSAGGNPYAAGGRSSQSQNSRDNVYTAPATRTSTRQTQGYGGGDTDSTLDLNAIPSHQMFDNKKPIKRNQQSSQQPANDYNLDLNDEYGEEEDLNLDISEVPEEQQQINSEDEEVEAIKQDIKFVKQESVQSTRNTLRMAQEADASGTNTLGMLGSQSERLYNAEQNLLLAETQTQIADEKVKELKRLNRSIFIPANGNPFNKKSRLRQQEEKIKNQKLQEKYIRENNRQEMFASEQRIKQGITNNSTNNDVYNKYQDEKNLSAAKRYQFENDSEDDDMEKEIASNLNQIDQYAKKLKGLANTMGTEVDNQNTRLKKIEESADKLDINVHMNTTRLNNIR
P43682	Yes	MSNSRYSQTESNNDRKLEGLANKLATFRNINQEIGDRAVSDSSVINQMTDSLGSMFTDIKNSSSRLTRSLKAGNSIWRMVGLALLIFFILYTLFKLF
Q09730	Yes	MNDQNERRLETLSGQVSSLKNVTYDIYSRANDYTRIDRATESFSGLSNSVKKSTENFFRVVRSAGRRRIMTMVLAIVGSILIIYYASKWFF
Q03322	Yes	MNNSEDPFQQVVKDTKEQLNRINNYITRHNTAGDDDQEEEIQDILKDVEETIVDLDRSIIVMKRDENEDVSGREAQVKNIKQQLDALKLRFDRRIQESTQTTIPLEETVENSTLNTSMAENNDGGMSNPFQEQMLREQDVHLDGIHKTMQNLHIQAQTMGDELENQGQLLDNMDEGMDGVVNKLARGRRQLEWVYEKNKEKYDDCCIGLLIVVLIVLLVLAFIA
O42852	Yes	MADVLNALEEKVVELQQSESVEVIKRHFREFRKIWETARVELEYSSIQLDSVLRYEKAVQEYIRLNRRYRNKIASGEPWLPIAQEIGKIVDEEEITSPSDGSLQKRSMDNSGSWQSDDIYLTSASQVTAAMRDIHAQMVQAVDMSAENAMELSSSTNLLETLQEKYFGVEDVLYTSKRIIKSLKLSDRSDYFLVVSGFGFFIFVVVYLLFKRIVWPILSMFLWFLR
P28791	Yes	MVVTFLQDLEVLQDALLNNLQKLSAISRRKESGESKHDNKDSFAAIANEHNDEEEEIEFEDLVNIIESKVSDFESVLKCSIVEMTYKYPELKLQWEKSPRYDQCDKLHIVKLDKQMNEDIYAQLVEELDFVLQFVDWFYCYRLKVKEILRQHHKRDLAWNDEKRDRAIKFHAVDYDKLHQGTSSSSSLTSTSMEKASTREKLLSKTKQLTNNLVRGNQILQSGILQSDLNLDELRAQTNSLTQIDDKYTQFETVFKKTADLVKVLENASHQEKRDVYLSLGFLLCCVSWVLWRRIFKLPVKLGLWLLFKFFKGILVTLGLVKSYAGSSSSLQAPSLVLNAPILATTTTSSATSVEPFASVSAVSSIQRAVDEAVDRIVSHDEL
Q94AU2	Yes	MVKMTLIARVTDGLPLAEGLDDGRDLPDSDMYKQQVKALFKNLSRGQNDASRMSVETGPYVFHYIIEGRVCYLTMCDRSYPKKLAFQYLEDLKNEFERVNGPNIETAARPYAFIKFDTFIQKTKKLYQDTRTQRNIAKLNDELYEVHQIMTRNVQEVLGVGEKLDQVSEMSSRLTSESRIYADKAKDLNRQALIRKWAPVAIVFGVVFLLFWVKNKLW
Q04359	Yes	MGFRKILASKSHHSRHHNQHHKNLKLQNHRYVLISNITGSHETKYLSPFRMDNCSGSRRRDRLHVKLKSLRNKIHKQLHPNCRFDDATKTSDDKCVSYEVPERDGLATISLEEVFPKSNRCQIPEENLGETDSVIHRDLGNFANENDYPQWRKVESQYNLENVQPEEDEIVDRLRSEIRSTKLKSVKTTSRTLEKAIEARCTGKRVLQQLSCQSNQLTKIESNCDMLKIQSNVADRKIDELAHENRSLLALKSPNPFRKKREREKRDQIYNLKLKHRHLQQETMKRAQDSDKNLAINLSSEYGRYGQGVERQRILRDAQKYQFEADEEDNQMEIDLYGNLEQIKAVSGDLKIMAHAFGREFEAQNTRMFDIENNVQQADNALQAKRYRLEKVIGKRW
Q9JI51	Yes	MSADFEGYEQDFAVLTAEITSKISRVPRLPPDEKKQMVANVEKQLEEARELLEQMDLEVREIPPQSRGMYSNRMRSYKQEMGKLETDFKRSRIAYSDEVRNELLGDAGNSSENQLIKLREERAHLLDNTERLERSSRRLEAGYQIAVETEQIGQEMLENLSHDRERIQRARERLRETDANLGKSSRILTGMLRRIIQNRILLVILGIIVVITILTAITFFVRGH
Q9UEU0	Yes	MASSAASSEHFEKLHEIFRGLHEDLQGVPERLLGTAGTEEKKKLIRDFDEKQQEANETLAEMEEELRYAPLSFRNPMMSKLRNYRKDLAKLHREVRSTPLTATPGGRGDMKYGIYAVENEHMNRLQSQRAMLLQGTESLNRATQSIERSHRIATETDQIGSEIIEELGEQRDQLERTKSRLVNTSENLSKSRKILRSMSRKVTTNKLLLSIIILLELAILGGLVYYKFFRSH
Q6C5G0	Yes	MGFKKMFKKKDPTESEIRESMQDAGLLVKTDVNGYNRNKFDAYKNYAAQVTQKSSAAPPAARSNPYAVQNQQPSGGNPYAAAAAGGASGSPYGGSDPYSNGGGGNGGSNSNGGSNSNGGSNGSPYKMNNGGNNAAPPPATNSPYSMPQNGAPPKESPAKSSKFKRFGRSKKEEAPPPLEDPRLRPRQYVAPTDYNDAERDDYEPVYDVGLPEEPELPPPPMPGAVNPYASANQGYGSRFGNVDRELEEDKTALFGPRDDPPMDSSYNPALSEQPKYAESVMSMPRQELSQKVRQKEPPAAPAPQTAAVAEYSEATVAVDEEEDLLLGGGSTLNLGRVDSYSYGNEQEYGKQNYTYNYNQGHEFDTVLEEEEKTEQEQEDEDVEAVKQQIRFTKQQSAASTRNALRHAAEAEESGRNTLGMLGSQGERLYNIHSTLALATTQHKIAEDKAKELKTVTRSMFAPHVSNPFNSKRRAQEKEDRIRRERAVAQVEREQRRRDAYDSQQRVVGALDGVGEKSKHRKEMMSKYGSRPGRDRYQFEADEEDDILEDEIDNNLDELSNAAGRLKKLGLAMNEEVEQQNEKLDQIAEQTDDLDISVHLNTARLAGIH
Q54CK6	Yes	MDVFERTEQNFQHVCNSITRRIKQLPNYGGEKKKIAVREVENDIDEALKFISEMEKLAQNHPQRIKLQTKTKQYHSDIQKYKREVQLAQLQSSNQTNSNPWSNAPDDYQSQYDNQRQHLLQGSNMLDSTSDRLLRTHQISAQSEQIGQNILMDLGKQGEQIRGMRDKLHETDDQIKSARKIMTGIARRLATNKVILSIIILLLMGIIALIICLKWLR
O94531	Yes	MTSRTNEFFGLTKNGDIDAANIPLKRISYTDPFLAEGYRIHETIVNLLVFLKKIRGAYLKDRTFSNVQRLSKPLMECSLEELSKLELDEVQRDEIEHEVSSAISSCIHQIAKLQEIVKEQQSQIPKKSGWLQGLRDPSKLSKKETLVAHHSSVLWYLQSELSDVSSVLYHLQDLRLKRGQEKRNIASDFLTKNPTDENSAVEIPESELQTFFTQQQLQELEQENDVLLQEFEHTMERLRDTGKSLADITRLQSEISAQLSIQSSAAEKLYDDALNVMDSLSGGNQQLIKAKSRSSRTARLLFCIFTVMGLLLLSLDRIV
Q6FW27	Yes	MKIYYIGVFRSPAEQSSDEKALELTEVKDLSQFGFFERNSVGQFMTFFAETVATRTTAGQRQSVEEGNYIGHVYARSEGICGVLITDKDYPVRPAYTLLNKVLDEYLVAHPADQWKSITATNDSLKMAELSTYISKYQDPAQADAIMKVQQELDETKIVLHKTIENVLQRGEKLDNLVDKSESLTASSKMFYKQAKKTNSCCIIM
Q9C9X5	Yes	MKLWKRAAAAIKDRKSLLAVGFSRRNSSYRNADLEAAIIKATSHDDSSVDYSNAHRVYKWIRSSPLNLKTLVYAISSRVNHTRSWIVALKSLMLLHGVLCCKVPSVVGEFRRLPFDLSDFSDGHSCLSKTWGFNVFVRTYFAFLHHYSSFLSDQIHRLRGNNRRSLEKTSDSVIQELERIQKLQSLLDMILQIRPVADNMKKTLILEAMDCLVIESINIYGRICGAVMKVLPLAGKSEAATVLKIVNKTTSQGEDLIVYFEFCKGFGVSNAREIPQFVRIPEEEVEAIEKMIDTVQEKPKLEKDEEKEDEKAMVVLEQPKKLQTIITDKWEIFEDDYRCFDRKDKWEIFEDEYHQNHLPLITMNQPVYITYTMPDLITF
Q94CG2	Yes	MNFRRENRASRTSLFDGLDGLEEGRLRASSSYAHDERDNDEALENLQDRVSFLKRVTGDIHEEVENHNRLLDKVGNKMDSARGIMSGTINRFKLVFEKKSNRKSCKLIAYFVLLFLIMYYLIRLLNYIKG
Q6CRX0	Yes	MNALYNHAIKQRSLLNKDLGKFEKELVTAPISLQGAIATTLVSFEKTLHQYKEQYKQYQINSSDDNDETKLKYETRLQTLTQDYEDAKEKFTELKQKYSEINARDQLFNQQASMVEETVMNKRNINAPPQTSFGIGALDQNSERMTINSAAGLPLYEGLRKENSIFERGNAHLDRILQMGQESLEDIMEQNRVLQRLQSQMTKSLHVLGVSNETIEKINKRLFKDKLIFYIGLLLLILGIYFVLKWFG
Q9P7G5	Yes	MSNTLYNHCTKLFQSIQRSLDELERGVQDESNTISLAGIQGQISASFLSLSRSIDDYDSMVQRELVPAKKKKATIRIQEFRQKHVQLLEKFDELKAHVRDIAQAKNRKELLGRRGYVNSLDSPYGNSTTDAEIVEGPSDLSRQDGLLKEHDFLGRAESQVDEFLERGRMILGDLVEQGSVLKATKTKVLNAANTLGITRHTLSLINRRSKQDKIIFYCGAFLVFVLFYLIYRWLR
O13932	Yes	MGSRFGRRKERNGDMLPLYESQSPQHLDSLENENDERISKLTGKVKSLKELTMNIGTEITSSTKLMESMNDSFDSTKSLLSGTMTRLKNVSKNGGISIWMWLAFFCLVALILVLVRF
P22804	Yes	MSSRFAGGNAYQRDTGRTQLFGPADGSNSLDDNVSSALGSTDKLDYSQSTLASLESQSEEQMGAMGQRIKALKSLSLKMGDEIRGSNQTIDQLGDTFHNTSVKLKRTFGNMMEMARRSGISIKTWLIIFFMVGVLFFWVWIT
Q09835	Yes	MKSMLLRDSVKKASQFQRSLHSDPNQAKILLEERRKLLEEANSSADENDSHSMATIKSHFERLKRDEQLLNGVLKKYDAKQEVLSPEELRDAQNFLEMQEANSLDNSIRGTNELLERAYATREDFDYQNSVLGNVTNRINGAAMSIPFINQILRKTSIRRRRDSIILALLISVLMLLFLFFH
O14222	Yes	MSNLLLIIDSVSQKIRDRRKLEEFGQNPDEEIESSLKDVRQELQKLNEEQSRLEKNAQIPEYRVRESEAFLIRMQRRLESAEEEFEKQRRASSIPADGTSAFSANPQVASTNNKLTPLPSLQKTTSSSEGSDIEMEAMYPVDGNDPDPINVNVLAQMHQQMLNEQEESLGGIEASVQRQKRMGYAMNTELSEQNVLLDNMNNDADRIERRFDHAKNRLNKVSRKAKQYPRCFIILLLCALLLLVASI
Q92356	Yes	MSEPYDPYIPAEPSAAVRSGNAAASSTPNMKTAAIQQQIDDTVGIMRENISKVSERGERLDSLQDKTDNLAVSAQGFRRGANRVRKKMWWKDMRMRLCIIIGIIILLVVIIVPIATKFHGK
P83528	Yes	MSNYRYSKLNEEEISLEDMPSSANQILTRQEQIIQEQDDELELVGNSVRTLRGMSSMIGDELDQQSTMLDDLGQEMEYSETRLDTAMKKMAKLTHLEDESSQCKMIMVLSALLFFLVFVLLV
Q54GB3	Yes	MSNNPNNSGQPNKTQSILQEVDKVKDVMHNNIGLMLNNHDKASNLQDKTASMSNNARLFKKQTVTIRRQMWCRNMKLQLIIIAVVILVLAVILIPIIMKFV
Q9HGN3	Yes	MEDPFYEVKADASNQMEQVRKLYNSFMAARNSGVLSPNTELTYAIDELSETLKDLKAAVEIAMKNSEHFGLDEEELKSRRRFVSELDIELNNIQLKMGAAPSTPVSTEPYTVDNGASAGLSEEDHAVNRQYQEQLYQQQDVMLDGVYDTIGNIRGQAALMGEELGQQADLLDTLDNSIETTNSKLRRGMKRLKDFTIASADSKSGCCITVLIIILIALLVLVIVL
Q08144	Yes	MFRDRTNLFLSYRRTFPHNITFSSGKAPLGDDQDIEMGTYPMMNMSHDISARLTDERKNKHENHSDALPPIFIDIAQDVDDYLLEVRRLSEQLAKVYRKNSLPGFEDKSHDEALIEDLSFKVIQMLQKCYAVMKRLKTIYNSQFVDGKQLSREELIILDNLQKIYAEKIQTESNKFRVLQNNYLKFLNKDDLKPIRNKASAENTLLLDDEEEEAAREKREGLDIEDYSKRTLQRQQQLHDTSAEAYLRERDEEITQLARGVLEVSTIFREMQDLVVDQGTIVDRIDYNLENTVVELKSADKELNKATHYQKRTQKCKVILLLTLCVIALFFFVMLKPHGGGSGGRNNGSNKYNNDDNKTVNNSHDDGSNTHINDEESNLPSIVEVTESENDALDDLL
O74509	Yes	MALKIKIPETSQSSDEYSRWTVYHIEVAFPNGGKHVVFRRFNEFVALDAQIRPNDYNSRLCKLPSKSWVSSTVTNEKLRESRRLALQAYVQCLSETPWIKMPVVKKFLNIKDESEDETQGQFLGPTDWIQVFQDCKRNLHMYRVDLMSGKSITIGVQTKNVYAIKSLMDNLSESLDKLELANALGPGEILRRKDMLEQLGSEFLSFKRLVKNANSPVAPPSASSQLNSSNPSSPFRPLSASTDKQSNTSLNRVLGKNRMPETQTTKKLDNVGLYNMQNQTMEDQDMQAESLLPIIQRQKELSKMINQEVVEQNSMLDELSNEAYANQKKLHRTRAGLRKLG
O70404	Yes	MEEASGSAGNDRVRNLQSEVEGVKNIMTQNVERILSRGENLDHLRNKTEDLEATSEHFKTTSQKVARKFWWKNVKMIVIICVIVLIIVILIILFATGTIPT
Q12241	Yes	MSFFDIEAQSSKGNSQQEPQFSTNQKTKELSNLIETFAEQSRVLEKECTKIGSKRDSKELRYKIETELIPNCTSVRDKIESNILIHQNGKLSADFKNLKTKYQSLQQSYNQRKSLFPLKTPISPGTSKERKDIHPRTEAVRQDPESSYISIKVNEQSPLLHNEGQHQLQLQEEQEQQQQGLSQEELDFQTIIHQERSQQIGRIHTAVQEVNAIFHQLGSLVKEQGEQVTTIDENISHLHDNMQNANKQLTRADQHQRDRNKCGKVTLIIIIVVCMVVLLAVLS
P32912	Yes	MAANSVGKMSEKLRIKVDDVKINPKYVLYGVSTPNKRLYKRYSEFWKLKTRLERDVGSTIPYDFPEKPGVLDRRWQRRYDDPEMIDERRIGLERFLNELYNDRFDSRWRDTKIAQDFLQLSKPNVSQEKSQQHLETADEVGWDEMIRDIKLDLDKESDGTPSVRGALRARTKLHKLRERLEQDVQKKSLPSTEVTRRAALLRSLLKECDDIGTANIAQDRGRLLGVATSDNSSTTEVQGRTNNDLQQGQMQMVRDQEQELVALHRIIQAQRGLALEMNEELQTQNELLTALEDDVDNTGRRLQIANKKARHFNNSA
P53146	Yes	MAETSNDPFLSYVLSSKQLTNLNRLRRKAVTKQLGSSDDNKVSEEFLRYQHTYQREAFEYLQTKHDAHKIMESQYEQYQSSSKTRRYSIDLDSVDAVDTESQTEYPNEEFIDRNEDSEAVMELRKRLLGKGQNKGLGYETTKSVDRQIEDQDTLQQDLIQDMSKLVGSLKQGAVAFQSALDEDKQVLGAAEIGIQVASQGLMDVSGKLRKYDKSKLSYLFYITVFIFMILGLVFTFIIIQLFPAL
O13785	Yes	MSKDLISRLERQFKLKRDEFQDPLELLKFEKNLDYARKLLWEEGKCQLDKVAEPQGLSKRIMDLQGRIYDLNVTMEKKLKIEEKKIKSKQEKEIAHALQSIQERELRERQQMSNVEASNAQLLTNQRSMQTEISESLLHLASVLKENALSFTNALVTDNQVVERTGSLLDKNAHSLRHANHGVQSYSKSKRLSFWLQLGMIIAVVVSFIVMIFILQFTKNQN
O48850	Yes	MDRSVVPISLAPFQFLLVFWIFLTSVHTNPNKQQKTVVSLSLWWNSKNRIRGCVWFFFLLRVTRTMGQQNLIYSFVARGTVILVEYTEFKGNFTAVAAQCLQKLPSSNNKFTYNCDGHTFNYLVENGFTYCVVAVESVGRQIPMAFLERVKEDFNKRYGGGKATTAQANSLNREFGSKLKEHMQYCVDHPDEISKLAKVKAQVTEVKGVMMENIEKVLDRGEKIELLVDKTENLRSQAQDFRTQGTKIRRKMWFENMKIKLIVLGIIITLILIIILSVCGGFKCT
P41834	Yes	MMSDLTPIFRKYVAVIDDARNEQNGIDDHVERKQEDFGNSNETCEMFRDSFIKECARLLKFLVELNKVIKQIEKNYLDDFNMSDAEKDEFDMECRLQIQQYFKKFEFLENYEMERHNLSLKRFQSKSHRWSKILSNKNDNTKHVIHPQDIENGVYEFRLGVLRCLNLWIKYVSSKFTTIQQERLILENKMNFNSTPMPTLSNNADDFSADAIDISVSQSAPVETVQDEVKHYEETISKLTQEQLQVLETEHSELLNQKNEQLKKVETINKTILDIVNIQNELSNHLTVQSQNINLMLNNQDDIELNIKKGNKELRKAKRAAGRTAKMTTYGAIIMGVFILFLDYVG
Q9LRP1	Yes	MASNLPMSPQLEQIHGEIRDHFRALANGFQRLDKIKDSTRQSKQLEELTDKMRECKRLVKEFDRELKDEEARNSPEVNKQLNDEKQSMIKELNSYVALRKTYMSTLGNKKVELFDMGAGVSGEPTAEENVQVASSMSNQELVDAGMKRMDETDQAIERSKQVVEQTLEVGTQTAANLKGQTDQMGRVVNHLDTIQFSIKKASQLVKEIGRQVATDKCIMGFLFLIVCGVVAIIIVKIVNPNNKDIRDIPGLAPPAQSRKLLYLRNQDYM
Q12255	Yes	MKRFNVSYVEVIKNGETISSCFQPFQKNENYGTITSANEQITPVIFHNLIMDMVLPKVVPIKGNKVTKMSMNLIDGFDCFYSTDDHDPKTVYVCFTLVDMPKILPIRILSGLQEYESNATNELLSSHVGQILDSFHEELVEYRNQTLNSSGNGQSSNGNGQNTISDIGDATEDQIKDVIQIMNDNIDKFLERQERVSLLVDKTSQLNSSSNKFRRKAVNIKEIMWWQKVKNITLLTFTIILFVSAAFMFFYLW
Q32L97	Yes	MPPKFKRHLNDDDVTGSVKSERRNLLEDDSDEEEDFFLRGPSGPRFGPRNDKIKHVQNQVDEVIDVMQENITKVIERGERLDELQDKSESLSDNATAFSNRSKQLRRQMWWRGCKIKAIMALVAVILLLVIIILIVVKYRT
Q9CQ56	Yes	MAQAEGAYHRPLATSRLELNLVRLLCRCESMAAEKREPDEWRLEKYVGALEDMLQALKVQASKPASEVISEYSRKVDFLKGMLQAEKLTSSSEKALANQFLAPGRVPTTAKERVPATKTVHLQSRARYTSEMRSELLGMEPSGECEVDMRKRAAKGSRPADERQSASELDLVLQRHQGLQEKLAEEMLGLARSLKTNTLAAQSVIKKDNQTLSHSLKMADQNLEKLKLESERLEQHAQKSVNWLLWAMLIVVCFVFISMILFIRIMPRLK
O95183	Yes	MAGIELERCQQQANEVTEIMRNNFGKVLERGVKLAELQQRSDQLLDMSSTFNKTTQNLAQKKCWENIRYRICVGLVVVGVLLIILIVLLVVFLPQSSDSSSAPRTQDAGIASGPGN
Q5UR18	Yes	MIIYEESASDYYNKNDRLLYGIIEIAESTIVTGSNIISDLENQGSQLQSIHYNLEHIDSDIQIANDKMDHVESCLPSVRKTARKSFKKISKKLFKKKLVSKNSRLDSGVQNSEIQNNSKIQNNSEIQDNFANNFLDNPPDNSRHFSEDNIEKLHNIVCVLEKQANDISNILDEQNNTLEIIHNKIISDEIAIKKITRRIKHTQS
Q9SEL5	Yes	MSDVFEGYERQYCELSTNLSRKCHSASVLSNGEEKKGKIAEIKSGIDEADVLIRKMDLEARSLQPSAKAVCLSKLREYKSDLNQLKKEFKRVSSADAKPSSREELMESGMADLHAVSADQRGRLAMSVERLDQSSDRIRESRRLMLETEEVGISIVQDLSQQRQTLLHAHNKLHGVDDAIDKSKKVLTAMSRRMTRNKWIITSVIVALVLAIILIISYKLSH
Q04338	Yes	MSSLLISYESDFKTTLEQAKASLAEAPSQPLSQRNTTLKHVEQQQDELFDLLDQMDVEVNNSIGDASERATYKAKLREWKKTIQSDIKRPLQSLVDSGDRDRLFGDLNASNIDDDQRQQLLSNHAILQKSGDRLKDASRIANETEGIGSQIMMDLRSQRETLENARQTLFQADSYVDKSIKTLKTMTRRLVANKFISYAIIAVLILLILLVLFSKFK
P78768	Yes	METYEQEYRLLRADIEEKLNDLSKSGENSVIQSCQRLLNEIDEVIGQMEIEITGIPTSERGLVNGRIRSYRSTLEEWRRHLKEEIGKSDRKALFGNRDETSGDYIASDQDYDQRTRLLQGTNRLEQSSQRLLESQRIANETEGIGASILRDLHGQRNQLEHSLEMLGDTSGHLDRSLRTLKTMARRLAMNRFFTTAIIAILVILILLVLYSKFR
Q9SUJ1	Yes	MATRNRTLLFRKYRNSLRSVRAPMGSSSSSTLTEHNSLTGAKSGLGPVIEMASTSLLNPNRSYAPVSTEDPGNSSRGTITVGLPPDWVDVSEEISVYIQRARTKMAELGKAHAKALMPSFGDGKEDQHQIETLTQEVTFLLKKSEKQLQRLSAAGPSEDSNVRKNVQRSLATDLQNLSMELRKKQSTYLKRLRLQKEDGADLEMNLNGSRYKAEDDDFDDMVFSEHQMSKIKKSEEISIEREKEIQQVVESVSELAQIMKDLSALVIDQGTIVDRIDYNIQNVASTVDDGLKQLQKAERTQRQGGMVMCASVLVILCFIMLVLLILKEILL
Q86AQ7	Yes	MPIIYSLVARGSSVLAEFTSTNGNFVTITRRILDLIPPNDTKMSYVYEKYIFHYLVSDTLTYLCMADEEFGRRIPFTFLDDVKNRFKSMYGDKGKTAIAYGMNSDFSRTLENLMDHYSNTTRVDTMSRTMAEIDEVKNILVSDIAPQLLKRGEKIEMLVERTDTLNQQSFKFKKQSKQLKCAMWWKNVKLMLVLGAIVLIIIFIIVMSYCDGFRSGSKCRSSPSSNSTPTPTPTETPTPTPTPTSTPTPSQLLETLLNQF
Q9EP80	Yes	MFADLDYDIEEDKLGIPTVPGKVTLQKDAQNLIGISIGGGAQYCPCLYIVQVFDNTPAALDGTVAAGDEITGVNGRSIKGKTKVEVAKMIQEVKGEVTIHYNKLQADPKQGMSLDIVLKKVKHRLVENMSSGTADALGLSRAILCNDGLVKRLEELERTAELYKGMTEHTKNLLRAFYELSQTHRAFGDVFSVIGVREPQPAASEAFVKFADAHRSIEKFGIRLLKTIKPMLTDLNTYLNKAIPDTRLTIKKYLDVKFEYLSYCLKVKEMDDEEYSCIALGEPLYRVSTGNYEYRLILRCRQEARARFSQMRKDVLEKMELLDQKHVQDIVFQLQRFVSTMSKYYNDCYAVLRDADVFPIEVDLAHTTLAYGPNQGGFTDGEDEEEEEEDGAAREVSKDARGATGPTDKGGSWCDS
Q9ERB0	Yes	MSGYPKSYNPFDDDVEEEDTRPAPWKDVRDLPDGPDAPIDRQQYLRQEVLRRAEATAASTSRSLSLMYESEKIGVASSEELVRQRGVLEHTEKMVDKMDQDLKMSQKHINSIKSVFGGFINYFKSKPVEPPPEQNGSIVSQPNSRLKEAINTSKDQENKYQASHPNLRRLQDAELDSVPKEPSSTVNTEVYPKNSTLRTYHQKIDSNLDELSVGLGHLKDIALGMQTEIEEQDDILDRLTTKVDKLDVNIKSTEKKVRQL
O95721	Yes	MSAYPKSYNPFDDDGEDEGARPAPWRDARDLPDGPDAPADRQQYLRQEVLRRAEATAASTSRSLALMYESEKVGVASSEELARQRGVLERTEKMVDKMDQDLKISQKHINSIKSVFGGLVNYFKSKPVETPPEQNGTLTSQPNNRLKEAISTSKEQEAKYQASHPNLRKLDDTDPVPRGAGSAMSTDAYPKNPHLRAYHQKIDSNLDELSMGLGRLKDIALGMQTEIEEQDDILDRLTTKVDKLDVNIKSTERKVRQL
Q9Z2P6	Yes	MSGYPKSYNPFDDDVEDEDTRPAPWKDARDLPDGPDPPIDRQQYLRQEVLRGPSATAASTSRSLFLMYESEKIGVASSEELVRQRGVLEHTEKMVDKMDQDLKMSQKHINSIKSVFGGFINYFKSKPVEPPPEQNGSIVPQPSSRLKEAINTSKDQESKYQASHPNLRRLHDAELDSVPASTVNTEVYPKNSSLRAYHQKIDSNLDELSVGLGRLKDIALGMQTEIEEQDDILDRLTTKVDKLDVNIKSTEKKVRQL
Q6PC54	Yes	MADESDMRNELNDMQARADQLGDESLESTRRMLQLVEESKDAGIRTLVMLDEQGEQLERIEEGMDQINKDMKEAEKNLTDLGNLCGLCPCPCNKLKGGGQSWGNNQDGVVSSQPARVVDEREQMAISGGFIRRVTNDARENEMDENLEQVGSIIGNLRHMALDMGNEIDTQNRQIDRIMDMADSNKTRIDEANQRATKMLGSG
O09044	Yes	MDNLSPEEVQLRAHQVTDESLESTRRILGLAIESQDAGIKTITMLDEQGEQLNRIEEGMDQINKDMREAEKTLTELNKCCGLCICPCNRTKNFESGKNYKATWGDGGDNSPSNVVSKQPSRITNGQPQQTTGAASGGYIKRITNDAREDEMEENLTQVGSILGNLKNMALDMGNEIDAQNQQIQKITEKADTNKNRIDIANTRAKKLIDS
Q9N598	Yes	MAYISENELKFLRLLERTKRLTKEDMSANVWKVSAATKILNKMIYTLQNDETTNDILHEYRQEVLQLKLLAEAESKSSAEERLKVIEKIPRVFPDVQVTVADSKNDNEAESYDFEKESAAGLRATQRSIYRSDLRKQLLSSNKHRAQDTSEDQEFMKNELVEEELANSLATMARSFKTMMSAAGDVIKEDTERAILMAKEVDDNKTALGIQSERVERHAYKCGYDCFKVMLIVLIFMSFVSMVLMMKIFKKAST
P36975	Yes	MPADPSEEVAPQVPKTELEELQINAQGVADESLESTRRMLALCEESKEAGIRTLVALDDQGEQLDRIEEGMDQINADMREAEKNLSGMEKCCGICVLPCNKSQSFKEDDGTWKGNDDGKVVNNQPQRVMDDRNGMMAQAGYIGRITNDAREDEMEENMGQVNTMIGNLRNMALDMGSELENQNRQIDRINRKGESNEARIAVANQRAHQLLK
O15155	Yes	MRRAGLGEGVPPGNYGNYGYANSGYSACEEENERLTESLRSKVTAIKSLSIEIGHEVKTQNKLLAEMDSQFDSTTGFLGKTMGKLKILSRGSQTKLLCYMMLFSLFVFFIIYWIIKLR
O35152	Yes	MADWTRAQSSGAVEEIVDRENKRMADSLASKVTRLKSLALDIDRDTEDQNRYLDGMDSDFTSVTGLLTGSVKRFSTVARSGRDTRKLLCGMAVVLIVAFFILSYLFSRTRT
Q68EL3	Yes	MADPWNRGHGAVDDMLDAENKRMAENLASKVSRLKSLAYDIDKDAEEQNAYLDGMDSNFLSATGLLTGSVKRFSTMVRSGRDNRKILCYVSVGLVVAFFLLYYLVSRMQN
1A8F	No	DKTVRWCAVSEHEATKCQSFRDHMKSVIPSDGPSVACVKKASYLDCIRAIAANEADAVTLDAGLVYDAYLAPNNLKPVVAEFYGSKEDPQTFYYAVAVVKKDSGFQMNQLRGKKSCHTGLGRSAGWNIPIGLLYCDLPEPRKPLEKAVANFFSGSCAPCADGTDFPQLCQLCPGCGCSTLNQYFGYSGAFKCLKDGAGDVAFVKHSTIFENLANKADRDQYELLCLDNTRKPVDEYKDCHLAQVPSHTVVARSMGGKEDLIWELLNQAQEHFGKDKSKEFQLFSSPHGKDLLFKDSAHGFLKVPPRMDAKMYLGYEYVTAIRNLREGTC
1ALU	No	MAPVPPGEDSKDVAAPHRQPLTSSERIDKQIRYILDGISALRKETCNKSNMCESSKEALAENNLNLPKMAEKDGCFQSGFNEETCLVKIITGLLEFEVYLEYLQNRFESSEEQARAVQMSTKVLIQFLQKKAKNLDAITTPDPTTNASLLTKLQAQNQWLQDMTTHLILRSFKEFLQSSLRALRQM
1BD8	No	RAGDRLSGAAARGDVQEVRRLLHRELVHPDALNRFGKTALQVMMFGSTAIALELLKQGASPNVQDTSGTSPVHDAARTGFLDTLKVLVEHGADVNVPDGTGALPIHLAVQEGHTAVVSFLAAESDLHRRDARGLTPLELALQRGAQDLVDILQGHM
1BTK	No	AAVILESIFLKRSQQKKKTSPLNFKKCLFLLTVHKLSYYEYDFERGRRGSKKGSIDVEKITCVETVVPEKNPPPERQIPRRGEESSEMEQISIIERFPYPFQVVYDEGPLYVFSPTEELRKRWIHQLKNVIRYNSDLVQKYHPCFWIDGQYLCCSQTAKNAMGCQILEN
1D2S	No	PPAVHLSNGPGQEPIAVMTFDLTKITKTSSSFEVRTWDPEGVIFYGDTNPKDDWFMLGLRDGRPEIQLHNHWAQLTVGAGPRLDDGRWHQVEVKMEGDSVLLEVDGEEVLRLRQVSGHPIMRIALGGLLFPASNLRLPLVPALDGCLRRDSWLDKQAEISASAPTSLRSC
1D4A	No	VGRRALIVLAHSERTSFNYAMKEAAAAALKKKGWEVVESDLYAMNFNPIISRKDITGKLKDPANFQYPAESVLAYKEGHLSPDIVAEQKKLEAADLVIFQFPLQWFGVPAILKGWFERVFIGEFAYTYAAMYDKGPFRSKKAVLSITTGGSGSMYSLQGIHGDMNVILWPIQSGILHFCGFQVLEPQLTYSIGHTPADARIQILEGWKKRLENIWDETPLYFAPSSLFDLNFQAGFLMKKEVQDEEKNKKFGLSVGHHLGKSIPTDNQIKARK
1E6F	No	MKSNEHDDCQVTNPSTGHLFDLSSLSGRAGFTAAYSEKGLVYMSICGENENCPPGVGACFGQTRISVGKANKRLRYVDQVLQLVYKDGSPCPSKSGLSYKSVISFVCRPEAGPTNRPMLISLDKQTCTLFFSWHTPLACEQAT
1E9C	No	GSHMAARRGALIVLEGVDRAGKSTQSRKLVEALCAAGHRAELLRFPERSTEIGKLLSSYLQKKSDVEDHSVHLLFSANRWEQVPLIKEKLSQGVTLVVDRYAFSGVAYTGAKENFSLDWCKQPDVGLPKPDLVLFLQLQLADAAKRGAFGHERYENGAFQERALRCFHQLMKDTTLNWKMVDASKSIEAVHEDIRVLSEDAIATATEKPLKELWK
1EWF	No	VNPGVVVRISQKGLDYASQQGTAALQKELKRIKIPDYSDSFKIKHLGKGHYSFYSMDIREFQLPSSQISMVPNVGLKFSISNANIKISGKWKAQKRFLKMSGNFDLSIEGMSISADLKLGSNPTSGKPTITCSSCSSHINSVHVHISKSKVGWLIQLFHKKIESALRNKMNSQVCEKVTNSVSSELQPYFQTLPVMTKIDSVAGINYGLVAPPATTAETLDVQMKGEFYSENHHNPPPFAPPVMEFPAAHDRMVYLGLSDYFFNTAGLVYQEAGVLKMTLRDDMIPKESKFRLTTKFFGTFLPEVAKKFPNMKIQIHVSASTPPHLSVQPTGLTFYPAVDVQAFAVLPNSALASLFLIGMHTTGSMEVSAESNRLVGELKLDRLLLELKHSNIGPFPVELLQDIMNYIVPILVLPRVNEKLQKGFPLPTPARVQLYNVVLQPHQNFLLFGADVVYK
1FMI	No	AQGPVHLNYRQKGVIDVFLHAWKGYRKFAWGHDELKPVSRSFSEWFGLGLTLIDALDTMWILGLRKEFEEARKWVSKKLHFEKDVDVNLFESTIRILGGLLSAYHLSGDSLFLRKAEDFGNRLMPAFRTPSKIPYSDVNIGTGVAHPPRWTSDSTVAEVTSIQLEFRELSRLTGDKKFQEAVEKVTQHIHGLSGKKDGLVPMFINTHSGLFTHLGVFTLGARADSYYEYLLKQWIQGGKQETQLLEDYVEAIEGVRTHLLRHSEPSKLTFVGELAHGRFSAKMDHLVCFLPGTLALGVYHGLPASHMELAQELMETCYQMNRQMETGLSPEIVHFNLYPQPGRRDVEVKPADRHNLLRPETVESLFYLYRVTGDRKYQDWGWEILQSFSRFTRVPSGGYSSINNVQDPQKPEPRDKMESFFLGETLKYLFLLFSDDPNLLSLDAYVFNTEAHPLPIWT
1FMK	No	MVTTFVALYDYESRTETDLSFKKGERLQIVNNTEGDWWLAHSLSTGQTGYIPSNYVAPSDSIQAEEWYFGKITRRESERLLLNAENPRGTFLVRESETTKGAYCLSVSDFDNAKGLNVKHYKIRKLDSGGFYITSRTQFNSLQQLVAYYSKHADGLCHRLTTVCPTSKPQTQGLAKDAWEIPRESLRLEVKLGQGCFGEVWMGTWNGTTRVAIKTLKPGTMSPEAFLQEAQVMKKLRHEKLVQLYAVVSEEPIYIVTEYMSKGSLLDFLKGETGKYLRLPQLVDMAAQIASGMAYVERMNYVHRDLRAANILVGENLVCKVADFGLARLIEDNEYTARQGAKFPIKWTAPEAALYGRFTIKSDVWSFGILLTELTTKGRVPYPGMVNREVLDQVERGYRMPCPPECPESLHDLMCQCWRKEPEERPTFEYLQAFLEDYFTSTEPQYQPGENL
1FR7	No	MSHHWGYGKHNGPEHWHKDFPIAKGERQSPVDIDTHTAKYDPSLKPLSVSYDQATSLRILNNGHAFNVEFDDSQDKAVLKGGPLDGTYRLIQSHLHMGSLDGQGSEHTVDKKKYAAELHLVHWNTKYGDFGKAVQQPDGLAVLGIFLKVGSAKPGLQKVVDVLDSIKTKGKSADFTNFDPRGLLPESLDYWTYPGSLTTPPLLECVTWIVLKEPISVSSEQVLKFRKLNFNGEGEPEELMVDNWRPAQPLKNRQIKASFK
1GSM	No	QSLQVKPLQVEPPEPVVAVALGASRQLTCRLACADRGASVQWRGLDTSLGAVQSDTGRSVLTVRNASLSAAGTRVCVGSCGGRTFQHTVQLLVYAFPNQLTVSPAALVPGDPEVACTAHKVTPVDPNALSFSLLVGGQELEGAQALGPEVQEEEEEPQGDEDVLFRVTERWRLPPLGTPVPPALYCQATMRLPGLELSHRQAIPVLIEGR
1GUX	No	HTPVRTVMNTIQQLMMILNSASDQPSENLISYFNNCTVNPKESILKRVKDIGYIFKEKFAKAVGQGCVEIGSQRYKLGVRLYYRVMESMLKSEEERLSIQNFSKLLNDNIFHMSLLACALEVVMATYSRSTSQNLDSGTDLSFPWILNVLNLKAFDFYKVIESFIKAEGNLTREMIKHLERCEHRIMESLAWLSDSPLFDLIKQSKDREGPTDHLESA
1GXR	No	DYFQGAMGSKPAYSFHVTADGQMQPVPFPPDALIGPGIPRHARQINTLNHGEVVCAVTISNPTRHVYTGGKGCVKVWDISHPGNKSPVSQLDCLNRDNYIRSCKLLPDGCTLIVGGEASTLSIWDLAAPTPRIKAELTSSAPACYALAISPDSKVCFSCCSDGNIAVWDLHNQTLVRQFQGHTDGASCIDISNDGTKLWTGGLDNTVRSWDLREGRQLQQHDFTSQIFSLGYCPTGEWLAVGMESSNVEVLHVNKPDKYQLHLHESCVLSLKFAYCGKWFVSTGKDNLLNAWRTPYGASIFQSKESSSVLSCDISVDDKYIVTGSGDKKATVYEVIY
1HA1	No	MSKSESPKEPEQLRKLFIGGLSFETTDESLRSHFEQWGTLTDCVVMRDPNTKRSRGFGFVTYATVEEVDAAMNARPHKVDGRVVEPKRAVSREDSQRPGAHLTVKKIFVGGIKEDTEEHHLRDYFEQYGKIEVIEIMTDRGSGKKRGFAFVTFDDHDSVDKIVIQKYHTVNGHNCEVRKALSKQ
1IAP	No	QNSQFQSLEQVKRRPAHLMALLQHVALQFEPGPLLCCLHADMLGSLGPKEAKKAFLDFYHSFLEKTAVLRVPVPPNVAFELDRTRADLISEDVQRRFVQEVVQSQQVAVGRQLEDFRSKRLMGMTPWEQELAQLEAWVGRDRASYEARERHVAERLLMHLEEMQHTISTDEEKSAAVVNAIGLYMRHLGVRTKSGDKKSGRNFFRKKVMGN
1IJQ	No	IAYLFFTNRHEVRKMTLDRSEYTSLIPNLRNVVALDTEVASNRIYWSDLSQRMICSTQLDRAHGVSSYDTVISRDIQAPDGLAVDWIHSNIYWTDSVLGTVSVADTKGVKRKTLFRENGSKPRAIVVDPVHGFMYWTDWGTPAKIKKGGLNGVDIYSLVTENIQWPNGITLDLLSGRLYWVDSKLHSISSIDVNGGNRKTILEDEKRLAHPFSLAVFEDKVFWTDIINEAIFSANRLTGSDVNLLAENLLSPEDMVLFHNLTQPRGVNWCERTTLSNGGCQYLCLPAPQINPHSPKFTCACPDGMLLARDMRSCLT
1ITV	No	DDACNVNIFDAIAEIGNQLYLFKDGKYWRFSEGRGSRPQGPFLIADKWPALPRKLDSVFEEPLSKKLFFFSGRQVWVYTGASVLGPRRLDKLGLGADVAQVTGALRSGRGKMLLFSGRRLWRFDVKAQMVDPRSASEVDRMFPGVPLDTHDVFQFREKAYFCQDRFYWRVSSRSELNQVDQVGYVTYDILQCPED
1IW2	No	QKPQRPRRPASPISTIQPKANFDAQQFAGTWLLVAVGSAGRFLQEQGHRAEATTLHVAPQGTAMAVSTFRKLDGICWQVRQLYGDTGVLGRFLLQARGARGAVHVVVAETDYQSFAVLYLERAGQLSVKLYARSLPVSDSVLSGFEQRVQEAHLTEDQIFYFPKYGFCEAADQFHVLDEVRR
1J8F	No	GEADMDFLRNLFSQTLSLGSQKERLLDELTLEGVARYMQSERCRRVICLVGAGISTSAGIPDFRSPSTGLYDNLEKYHLPYPEAIFEISYFKKHPEPFFALAKELYPGQFKPTICHYFMRLLKDKGLLLRCYTQNIDTLERIAGLEQEDLVEAHGTFYTSHCVSASCRHEYPLSWMKEKIFSEVTPKCEDCQSLVKPDIVFFGESLPARFFSCMQSDFLKVDLLLVMGTSLQVQPFASLISKAPLSTPRLLINKEKAGQSDPFLGMIMGLGGGMDFDSKKAYRDVAWLGECDQGCLALAELLGWKKELEDLVRREHASIDAQS
1JYD	No	MERDCRVSSFRVKENFDKARFSGTWYAMAKKDPEGLFLQDNIVAEFSVDETGQMSATAKGRVRLLNNWDVCADMVGTFTDTEDPAKFKMKYWGVASFLQKGNDDHWIVDTDYDTYAVQYSCRLLNLDGTCADSYSFVFSRDPNGLPPEAQKIVRQRQEELCLARQYRLIVHNGYCDGRSERNL
1K95	No	SVYTYFSAVAGQDGEVDAEELQRCLTQSGINGTYSPFSLETCRIMIAMLDRDHTGKMGFNAFKELWAALNAWKENFMTVDQDGSGTVEHHELRQAIGLMGYRLSPQTLTTIVKRYSKNGRIFFDDYVACCVKLRALTDFFRKRDHLQQGSANFIYDDFLQGTMAI
1KEX	No	FKCMEALGMESGEIHSDQITASSQYSTNWSAERSRLNYPENGWTPGEDSYREWIQVDLGLLRFVTAVGTQGAISKETKKKYYVKTYKIDVSSNGEDWITIKEGNKPVLFQGNTNPTDVVVAVFPKPLITRFVRIKPATWETGISMRFEVYGCKIT
1KSH	No	GSMGLLTILKKMKQKERELRLLMLGLDNAGKTTILKKFNGEDVDTISPTLGFNIKTLEHRGFKLNIWDVGGQKSLRSYWRNYFESTDGLIWVVDSADRQRMQDCQRELQSLLVEERLAGATLLIFANKQDLPGALSCNAIQEALELDSIRSHHWRIQGCSAVTGEDLLPGIDWLLDDISSRVFTAD
1L8R	No	GSQNNECKMVDLRGAKVASFTVEGCELICLPQAFDLFLKHLVGGLHTVYTKLKRLEITPVVCNVEQVRILRGLGAIQPGVNRCKLISRKDFETLYNDCTNA
1LB6	No	QQCNGIYIWKIGNFGMHLKCQEEEKPVVIHSPGFYTGKPGYKLCMRLHLQLPTAQRCANYISLFVHTMQGEYDSHLPWPFQGTIRLTILDQSEAPVRQNHEEIMDAKPELLAFQRPTIPRNPKGFGYVTFMHLEALRQRTFIKDDTLLVRCEVSTRFDLE
1NKR	No	MHEGVHRKPSLLAHPGPLVKSEETVILQCWSDVMFEHFLLHREGMFNDTLRLIGEHHDGVSKANFSISRMTQDLAGTYRCYGSVTHSPYQVSAPSDPLDIVIIGLYEKPSLSAQPGPTVLAGENVTLSCSSRSSYDMYHLSREGEAHERRLPAGPKVNGTFQADFPLGPATHGGTYRCFGSFHDSPYEWSKSSDPLLVSVT
1NLV	No	DGEDVQALVIDNGSGMCKAGFAGDDAPRAVFPSIVGRPRHTGVMVGMGQKDSYVGDEAQSKRGILTLKYPIEHGIVTNWDDMEKIWHHTFYNELRVAPEEHPVLLTEAPLNPKANREKMTQIMFETFNTPAMYVAIQAVLSLYASGRTTGIVMDSGDGVSHTVPIYEGYALPHAILRLDLAGRDLTDYMMKILTERGYSFTTTAEREIVRDIKEKLAYVALDFEQEMATAASSSALEKSYELPDGQVITIGNERFRCPEALFQPSFLGMESAGIHETTYNSIMKCDVDIRKDLYGNVVLSGGTTMFPGIADRMNKELTALAPSTMKIKIIAPPERKYSVWIGGSILASLSTFQQMWISKEEYDESGPSIVHRKCF
1O1L	No	MLSPADKTNVKAAWGKVGAHAGEYGAEAWERMFLSFPTTKTYFPHFDLSHGSAQVKGQGKKVADALTNAVAHVDDMPNALSALSDLHAHKLRVDPVNFKLLSHCLLVTLAAHLPAEFTPAVHASLDKFLASVSTVLTSKYRGVLSPADKTNVKAAWGKVGAHAGEYGAEAWERMFLSFPTTKTYFPHFDLSHGSAQVKGQGKKVADALTNAVAHVDDMPNALSALSDLHAHKLRVDPVNFKLLSHCLLVTLAAHLPAEFTPAVHASLDKFLASVSTVLTSKYR
1O7V	No	GQKSNRKDYSLTMQSSVTVQEGMCVHVRCSFSYPVDSQTDSDPVHGYWFRAGNDISWKAPVATNNPAWAVQEETRDRFHLLGDPQTKNCTLSIRDARMSDAGRYFFRMEKGNIKWNYKYDQLSVNVT
1OV3	No	GPLGSPEFIILQTYRAIADYEKTSGSEMALSTGDVVEVVEKSESGWWFCQMKAKRGWIPASFLEPLDSPDETEDPEPNYAGEPYVAIKAYTAVEGDEVSLLEGEAVEVIHKLLDGWWVIRKDDVTGYFPSMYLQKSGQ
1P63	No	HHHHFNLPPGNYKKPKLLYCSNGGHFLRILPDGTVDGTRDRSDQHIQLQLSAESVGEVYIKSTETGQYLAMDTDGLLYGSQTPNEECLFLERLEENHYNTYISKKHAEKNWFVGIKKNGSCKRGPRTHYGQKAILFLPLPVSSD
2A7L	No	MGSSHHHHHHSSGLVPRGSMASMQKRLQKELLALQNDPPPGMTLNEKSVQNSITQWIVDMEGAPGTLYEGEKFQLLFKFSSRYPFDSPQVMFTGENIPVHPHVYSNGHICLSILTEDWSPALSVQSVCLSIISMLS
2A8J	No	MTMEKGMSSGEGLPSRSSQVSAGKITAKELETKQSYKEKRGGFVLVHAGAGYHSESKAKEYKHVCKRACQKAIEKLQAGALATDAVTAALVELEDSPFTNAGMGSNLNLLGEIECDASIMDGKSLNFGAVGALSGIKNPVSVANRLLCEGQKGKLSAGRIPPCFLVGEGAYRWAVDHGIPSCPPNIMTTRFSLAAFKRNKRKLELAERVDTDFMQLKKRRQSSEKENDSGTLDTVGAVVVDHEGNVAAAVSSGGLALKHPGRVGQAALYGCGCWAENTGAHNPYSTAVSTSGCGEHLVRTILARECSHALQAEDAHQALLETMQNKFISSPFLASEDGVLGGVIVLRSCRCSAEPDSSQNKQTLLVEFLWSHTTESMCVGYMSAQDGKAKTHISRLPPGAVAGQSVAIEGGVCRLESPVN
2ASK	No	AGGPGSRARAAGARGCRLRSQLVPVRALGLGHRSDELVRFRFCSGSCRRARSPHDLSLASLLGAGALRPPPGSRPVSQPCCRPTRYEAVSFMDVNSTWRTVDRLSATACGCLG
2BOU	No	DSRGCARWCPQDSSCVNATACRCNPGFSSFSEIITTPMETCDDINECATLSKVSCGKFSDCWNTEGSYDCVCSPGYEPVSGAKTFKNESENTCQDVDECSSGQHQCDSSTVCFNTVGSYSCRCRPGWKPRHGIPNNQKDTVCE
2BT2	No	MHHHHHHSSGVDLGTENLYFQSMRNFSEDVLGWRESFDLLLSSKNGVAAFHAFLKTEFSEENLEFWLACEEFKKIRSATKLASRAHQIFEEFICSEAPKEVNIDHETRELTRMNLQTATATCFDAAQGKTRTLMEKDSYPRFLKSPAYRDLAAQASAASAT
2FCB	No	APPKAVLKLEPQWINVLQEDSVTLTCRGTHSPESDSIQWFHNGNLIPTHTQPSYRFKANNNDSGEYTCQTGQTSLSDPVHLTVLSEWLVLQTPHLEFQEGETIVLRCHSWKDKPLVKVTFFQNGKSKKFSRSDPNFSIPQANHSHSGDYHCTGNIGYTLYSSKPVTITVQAPA
2FD6	No	CDCLNGGTCVSNKYFSNIHWCNCPKKFGGQHCEIDKSKTCYEGNGHFYRGKASTDTMGRPCLPWNSATVLQQTYHAHRSDALQLGLGKHNYCRNPDNRRRPWCYVQVGLKPLVQECMVHDCA
2FIC	No	SSGLVPRGSHMAEMGSKGVTAGKIASNVQKKLTRAQEKVLQKLGKADETKDEQFEQCVQNFNKQLTEGTRLQKDLRTYLASVKAMHEASKKLNECLQEVYEPDWPGRDEANKIAENNDLLWMDYHQKLVDQALLTMDTYLGQFPDIKSRIAKRGRKLVDYDSARHHYESLQTAKKKDEAKIAKAEEELIKAQKVFEEMNVDLQEELPSLWNSRVGFYVNTFQSIAGLEENFHKEMSKLNQNLNDVLVGLEK
2G19	No	MPNGQTKPLPALKLALEYIVPCMNKHGICVVDDFLGKETGQQIGDEVRALHDTGKFTDGQLVSQKSDSSKDIRGDKITWIEGKEPGCETIGLLMSSMDDLIRHCNGKLGSYKINGRTKAMVACYPGNGTGYVRHVDNPNGDGRCVTCIYYLNKDWDAKVSGGILRIFPEGKAQFADIEPKFDRLLFFWSDRRNPHEVQPAYATRYAITVWYFDADERARAKVKYLTGEKGVRVELNKPHHHHHH
2GRC	No	MAEKLSPNPPNLTKKMKKIVDAVIKYKDSSSGRQLSEVFIQLPSRKELPEYYELIRKPVDFKKIKERIRNHKYRSLNDLEKDVMLLCQNAQTFNLEGSLIYEDSIVLQSVFTSVRQKIEKEDDSEGEES
2H9M	No	GSTQSKPTPVKPNYALKFTLAGHTKAVSSVKFSPNGEWLASSSADKLIKIWGAYDGKFEKTISGHKLGISDVAWSSDSNLLVSASDDKTLKIWDVSSGKCLKTLKGHSNYVFCCNFNPQSNLIVSGSFDESVRIWDVKTGKCLKTLPAHSDPVSAVHFNRDGSLIVSSSYDGLCRIWDTASGQCLKTLIDDDNPPVSFVKFSPNGKYILAATLDNTLKLWDYSKGKCLKTYTGHKNEKYCIFANFSVTGGKWIVSGSEDNLVYIWNLQTKEIVQKLQGHTDVVISTACHPTENIIASAALENDKTIKLWKSDC
2H64	No	QAKHKQRKRLKSSCKRHPLYVDFSDVGWNDWIVAPPGYHAFYCHGECPFPLADHLNSTNHAIVQTLVNSVNSKIPKACCVPTELSAISMLYLDENEKVVKKDYQDMVVEGCGCR
2HAZ	No	GSHMDTPSSPSIDQVEPYSSTAQVQFDEPEATGGVPILKYKAEWRAVGEEVWHSKWYDAKEASMEGIVTIVGLKPETTYAVRLAALNGKGLGEISAASEFKTQPV
2HFT	No	SGTTNTVAAYNLTWKSTNFKTILEWEPKPVNQVYTVQISTKSGDWKSKCFYTTDTECDLTDEIVKDVKQTYLARVFSYPAGNVESTGSAGEPLYENSPEFTPYLETNLGQPTIQSFEQVGTKVNVTVEDERTLVRRNNTFLSLRDVFGKDLIYTLYYWKSSSQEKGEFRSGKKTAKTNTNEFLIDVDKGENYCFSVQAVIPSRTVNRKSTDSPVECMG
2HRB	No	GSRVALVTGANRGIGLAIARELCRQFSGDVVLTARDVARGQAAVQQLQAEGLSPRFHQLDIDDLQSIRALRDFLRKEYGGLNVLVNNAAVAFKSDDPMPFDIKAEMTLKTNFFATRNMCNELLPIMKPHGRVVNISSLQCLRAFENCSEDLQERFHSETLTEGDLVDLMKKFVEDTKNEVHEREGWPNSPYGVSKLGVTVLSRILARRLDEKRKADRILVNACCPGPVKTDMDGKDSIRTVEEGAETPVYLALLPPDATEPQGQLVHDKVVQNW
2HZR	No	FHLGKCPNPPVQENFDVNKYPGRWYEIEKIPTTFENGRCIQANYSLMENGKIKVLNQELRADGTVNQIEGEATPVNLTEPAKLEVKFSWFMPSAPYHILATDYENYALVYSCTSISQSFHVDFAWILARNVALPPETVDSLKNILTSNNIDVKKMTVTDQVNCPKLSAHHHHHH
2JGN	No	MHHHHHHENLYFQGSTSENITQKVVWVEESDKRSFLLDLLNATGKDSLTLVFVETKKGADSLEDFLYHEGYACTSIHGDRSQRDREEALHQFRSGKSPILVATAVAARGLDISNVKHVINFDLPSDIEEYVHRIGRTGRVGNLGLATSFFNERNINITKDLLDLLVEAKQEVPSWLENMAYEHHY
2JHH	No	QSCATGPRNCKDLLDRGYFLSGWHTIYLPDCRPLTVLCDMDTDGGGWTVFQRRMDGSVDFYRDWAAYKQGFGSQLGEFWLGNDNIHALTAQGSSELRTDLVDFEGNHQFAKYKSFKVADEAEKYKLVLGAFVGGSAGNSLTGHNNNFFSTKDQDNDVSSSNCAEKFQGAWWYADCHASNLNGLYLMGPHESYANGINWSAAKGYKYSYKVSEMKVRPA
2OQ1	No	DPAAHLPFFYGSISRAEAEEHLKLAGMADGLFLLRQCLRSLGGYVLSLVHDVRFHHFPIERQLNGTYAIAGGKAHCGPAELCEFYSRDPDGLPCNLRKPCNRPSGLEPQPGVFDCLRDAMVRDYVRQTWKLEGEALEQAIISQAPQVEKLIATTAHERMPWYHSSLTREEAERKLYSGAQTDGKFLLRPRKEQGTYALSLIYGKTVYHYLISQDKAGKYCIPEGTKFDTLWQLVEYLKLKADGLIYCLKEACPN
2OSA	No	GSKHVKKVYSCDLTTLVKAHTTKRPMVVDMCIREIESRGLNSEGLYRVSGFSDLIEDVKMAFDRDGEKADISVNMYEDINIITGALKLYFRDLPIPLITYDAYPKFIESAKIMDPDEQLETLHEALKLLPPAHCETLRYLMAHLKRVTLHEKENLMNAENLGIVFGPTLMRSPELDAMAALNDIRYQRLVVELLIKNEDILF
2P23	No	RPLAFSDAGPHVHYGWGDPIRLRHLYTSGPHGLSSCFLRIRADGVVDCARGQSAHSLLEIKAVALRTVAIKGVHSVRYLCMGADGKMQGLLQYSEEDCAFEEEIRPDGYNVYRSEKHRLPVSLSSAKQRQLYKNRGFLPLSHFLPMLPMVPEEPEDLRGHLESDMFSSPLETDSMDPFGLVTGLEAVRSPSFEK
2P26	No	QECTKFKVSSCRECIESGPGCTWCQKLNFTGPGDPDSIRCDTRPQLLMRGCAADDIMDPTSLAETQEDHNGGQKQLSPQKVTLYLRPGQAAAFNVTFRRAKLSSRVFLDHNALPDTLKVTYDSFCSNGVTHRNQPRGDCDGVQINVPITFQVKVTATECIQEQSFVIRALGFTDIVTVQVLPQCECRCRDQSRDRSLCHGKGFLECGICRCDTGYIGKNCECQTQGRSSQELEGSCRKDNNSIICSGLGDCVCGQCLCHTSDVPGKLIYGQYCEHHHHHH
2P27	No	MSLARCERLRGAALRDVLGRAQGVLFDCDGVLWNGERAVPGAPELLERLARAGKAALFVSNNSRRARPELALRFARLGFGGLRAEQLFSSALCAARLLRQRLPGPPDAPGAVFVLGGEGLRAELRAAGLRLAGDPSAGDGAAPRVRAVLVGYDEHFSFAKLREACAHLRDPECLLVATDRDPWHPLSDGSRTPGTGSLAAAVETASGRQALVVGKPSPYMFECITENFSIDPARTLMVGDRLETDILFGHRCGMTTVLTLTGVSRLEEAQAYLAAGQHDLVPHYYVESIADLTEGLEDEGHHHHHH
2PBC	No	GSPIKSRKGDVLHMHYTGKLEDGTEFDSSLPQNQPFVFSLGTGQVIKGWDQGLLGMCEGEKRKLVIPSELGYGERGAPPKIPGGATLVFEVELLKIERRTEL
2Q12	No	GSHMDKLPIEETLEDSPQTRSLLGVFEEDATAISNYMNQLYQAMHRIYDAQNELSAATHLTSKLLKEYEKQRFPLGGDDEVMSSTLQQFSKVIDELSSCHAVLSTQLADAMMFPITQFKERDLKEILTLKEVFQIASNDHDAAINRYSRLSKKRENDKVKYEVTEDVYTSRKKQHQTMMHYFCALNTLQYKKKIALLEPLLGYMQAQISFFKMGSENLNEQLEEFLANIGTSVQNVRREMDSDIETMQQTIEDLEVASDPLYVPD
2Q87	No	SKARTVAGPVGGSLSVQCPYEKEHRTLNKYWCRPPQIFLCDKIVETKGSAGKRNGRVSIRDSPANLSFTVTLENLTEEDAGTYWCGVDTPWLQDFHDPVVEVEVSVFPAS
2QND	No	ASRFHEQFIVREDLMGLAIGTHGANIQQARKVPGVTAIDLDEDTCTFHIYGEDQDAVKKARSFLEFAEDVIQVPRNLVGKVIGKNGKLIQEIVDKSGVVRVRIEAENEKNVPQEEGMVPFVFVGTKDSIANATVLLDYHLNYLK
2UWO	No	IVGGQECKDGECPWQALLINEENEGFCGGTILSEFYILTAAHCLYQAKRFKVRVGDRNTEQEEGGEAVHEVEVVIKHNRFTKETYDFDIAVLRLKTPITFRMNVAPACLPERDWAESTLMTQKTGIVSGFGRTHEKGRQSTRLKMLEVPYVDRNSCKLSSSFIITQNMFCAGYDTKQEDACQGDSGGPHVTRFKDTYFVTGIVSWGEGCARKGKYGIYTKVTAFLKWIDRSMKTRGLPKAKSHAPEVITSSPLK
2VQM	No	GAMTKPRFTTGLVYDTLMLKHQCTCGSSSSHPEHAGRIQSIWSRLQETGLRGKCECIRGRKATLEELQTVHSEAHTLLYGTNPLNRQKLDSKKLLGSLASVFVRLPCGGVGVDSDTIWNEVHSAGAARLAVGCVVELVFKVATGELKNGFAVVRPPGHHAEESTPMGFCYFNSVAVAAKLLQQRLSVSKILIVDWDVHHGNGTQQAFYSDPSVLYMSLHRYDDGNFFPGSGAPDEVGTGPGVGFNVNMAFTGGLDPPMGDAEYLAAFRTVVMPIASEFAPDVVLVSSGFDAVEGHPTPLGGYNLSARCFGYLTKQLMGLAGGRIVLALEGGHDLTAICDASEACVSALLGNELDPLPEKVLQQRPNANAVRSMEKVMEIHSKYWRCLQRTTSTAGRSLIEAQTCENEEAETVT
2X6U	No	GAMEGIKVFLHERELWLKFHEVGTEMIITKAGRRMFPSYKVKVTGLNPKTKYILLMDIVPADDHRYKFADNKWSVTGKAEPAMPGRLYVHPDSPATGAHWMRQLVSFQKLKLTNNHLDPFGHIILNSMHKYQPRLHIVKADENNGFGSKNTAFCTHVFPETAFIAVTSYQNHKITQLKIENNPFAKGFRGSDDMELHRMSRMQ
2XU5	No	APRSVDWREKGYVTPVKNQGQCGSCWAFSATGALEGQMFRKTGRLISLSEQNLVDCSGPQGNEGCNGGLMDYAFQYVQDNGGLDSEESYPYEATEESCKYNPKYSVANDTGFVDIPKQEKALMKAVATVGPISVAIDAGHESFLFYKEGIYFEPDCSSEDMDHGVLVVGYGFESTESDNNKYWLVKNSWGEEWGMGGYVKMAKDRRNHCGIASAASYPTV
