K19 	PGGGKVQIVYKPV 	+
K19d 	PGGGKVYKPV 	-
Mut1 	PGGGKNAEVYKPV 	-
Mut2 	PGGGKVQIVEKPV 	-
K19Chym 	QTAPVPMPDLKNVKSKIGSTENLKHQPGGGKVQIVY 	-
K19Chym1 	KPVDLSKVTSKCGSLGNIHHKPGGGQVEVKSEKLDF 	-
K19Chym2 	KDRVQSKIGSLDNITHVPGGGN 	-
K19Gluc4 	QTAPVPMPDLKNVKSKIGSTE 	-
K19Gluc41 	NLKHQPGGGKVQIVYKPVDLSKVTSKCGSLGNIHHKPGGGQVE 	+
K19Gluc42 	VKSE 	-
K19Gluc43 	KLDFKDRVQSKIGSLDNITHVPGGGN 	-
K19Gluc78 	QTAPVPMPD 	-
K19Gluc781 	LKNVKSKIGSTE 	-
K19Gluc782 	NLKHQPGGGKVQIVYKEVD 	+
K19Gluc783 	LSKVTSKCGSLGNIHHKPGGGQVE 	-
K19Gluc784 	VKSEKLDFKDRVQSKIGSLDNITHVPGGGN 	-
PHF8 	GKVQIVYK 	+
PHF6 	VQIVYK 	+
V313-K321 	VDLSKVTSK 	-
V318-G335 	VTSKCGSLGNIHHKPGGG 	-
V335-E342 	GQVEVSKE 	-
Whole 	DAEFRHDSGYEVHHQKLVFFAEDVGSNKGAIIGLMVGGVV 	+
HABP1 	VPHQKLVFFAEDVGS 	+
HABP2 	VHPQKLVFFAEDVGS 	+
HABP3 	VHHPKLVFFAEDVGS 	+
HABP4 	VHHQPLVFFAEDVGS 	+
HABP5 	KKPVFFAED 	-
HABP6 	KKLPFFAED 	-
HABP7 	KKLVPFAED 	-
HABP8 	VHHQKLVPFAEDVGS 	-
HABP9 	KKLVFPAED 	-
HABP10 	KKLVFFPED 	+
HABP11 	VHHQEKLVFFAPDVGS 	-
HABP12 	VHHQEKLVFFAEPVGS 	+
HABP13 	VHHQEKLVFFAEDPGS 	+
HABP14 	VHHQEKLVFFAEDVPS 	+
HABP15 	KKLVFFAED 	+
HABP16 	VHHQKLVFFAEDVGS 	+
AB1 	KLVFF 	-
AB2 	QKLVFFA 	-
AB3 	HQKLVFFAE 	-
AB4 	HHQKLVFFAED 	+
AB5 	VHHQKLVFFAEDV 	+
AB6 	EVHHQKLVFFAEDVG 	+
AB7 	YEVHHQKLVFFAEDVGS 	+
AB8 	GYEVHHQKLVFFAEDVGSN 	+
AB9 	SGYEVHHQKLVFFAEDVGSNK 	+
AB10 	DSGYEVHHQKLVFFAEDVGSNKG 	+
AB11 	HDSGYEVHHQKLVFFAEDVGSNKGA 	+
NAC1-18 	EQVTNVGGAVVTGVTAVA 	+
NAC1-18s 	TVNGVGEVTATAVQGVAV 	+
NAC3-18 	VTNVGGAVVTGVTAVA 	+
NAC1-13 	EQVTNVGGAVVTG 	+
NAC6-14 	VGGAVVTGV 	+
1-17 	STAQSLKSVDYEVFGRV 	-
18-33 	QGVSFRMYTEDEARKI 	-
34-53 	GVVGWVKNTSKGTVTGQVQG 	+
54-68 	PEDKVNSMKSWLSKV 	-
69-85 	GSPSSRIDRTNFSNEKT 	-
86-98 	ISKLEYSNFSVRY 	+
A 	IQRTPKIQVYSRHPAE 	-
B 	NGKSNFLNCYVSG 	-
C 	FHPSDIEVDLLK 	-
D 	NGERIEKVEHSDLSFSKD 	-
E 	DWSFYLLYYTEFT 	+
E1 	DWSFYLLYYTEFTPTGKDEYA 	+
F 	PTGKDEYACRVNHVT 	-
G 	LSQPKIVKWDRDM 	-
1Cro 	MQTLSERLKKRRIALKY 	-
2Cro 	YKMTQTELATKAGVK 	-
3Cro 	YKQQSIQLIEAGVTKR 	-
4Cro 	TKRPRFLYEIAMALNSD 	+
5Cro 	AMALNCDPVWLQYGTKRGKA 	-
A-Helix 	VLSEGEWQLVLHVWAKVEA 	+
AB-Domain 	EGEWQLVLHVWAKVEADVAGHGQDILIRLFK 	+
B-Helix 	DVAGHGQDILIRLFKS 	+
BC-Turn 	KSHPET 	-
CCD-Domai 	HPETLEKFDRFKHLK 	-
D-Helix 	TEAEMKA 	-
E-Helix 	SEDLKKHGVTVLTALGAILK 	-
EF-Turn 	KKGHHEAE 	-
F-helix 	ELKPLAQSHA 	-
FG-Turn 	ATKHKIP 	-
N-terminal 	GWEIPEPYVWDESFRVFY 	-
C-terminal 	GTDFKYKGKL 	-
A_helix 	YEQLDEEHKKIFKGIFDCIRD 	-
A_helix 	YEQLDEEHKKIFKGIFDCIRD 	+
AB_loop 	RDNSA 	-
B_helix 	SAPNLATLVKVTTNHFTHEEAMMD 	+
BC_loop 	DAAKYSEV 	-
C_Helix 	EVVPHKKMHKDFLEKIGGL 	+
CD_loop 	GLSAPVD 	-
D_helix 	AKNVDYCKEWLVNHIK 	-
D_helix 	AKNVDYCKEWLVNHIK 	-
Pc-1 	LEVLLGSG 	-
Pc-2 	LEVLLGSGDGSLVFV 	+
Pc-2a 	SGDGSL 	-
Pc-3 	SLVFVPSEFS 	-
Pc-4 	SEFSV 	-
Pc-5 	SEFSVPSGEK 	-
Pc-6 	KIVFKNNA 	-
Pc-6a 	GEKIVFKNNAGFPHNVVFDE 	+
Pc-7 	KIVFKNNAGFPH 	-
Pc-8 	KNNAGFPHNV 	-
Pc-9 	PHNVVFDEDDEIP 	-
Pc-10 	IPAGVDAVKISM 	+
Pc-10a 	EIPAGV 	-
Pc-10b 	DAVKIS 	-
Pc-11 	MPEEELL 	-
Pc-12 	MPEEELLNAPGETYVVTL 	+
Pc-13 	ELLNAPGETY 	-
Pc-13a 	NAPGETY 	-
Pc-13b 	APGET 	-
Pc-14 	GETYVVTL 	+
Pc-14a 	ETYVVT 	-
Pc-15 	VTLDTKGTY 	-
Pc-16 	GTYSFYT 	+
Pc-16a 	TYSFYC 	-
Pc-17 	YTSPHQGAGMV 	-
Pc-18 	MVGKVTVN 	-
Pc-19 	GTVSFVTSPHQGAGMVGKVTVN 	+
P1-15 	RPDFSLEPPYTGPSK 	-
P29-44 	LSQTFVYGGSRAKRNN 	+
P13-21 	PSKARIIRY 	-
P41-51 	KRNNFKSAEDS 	-
P16-28 	ARIIRYFYNAKAG 	-
P45-58 	FKSAEDSMRTSGGA 	-
P24-32 	NAKAGLSQT 	-
Beta_1 	MKVIFLKDVKG 	+
Beta_2 	KGKKGEIKNVAD 	-
Alpha_1 	GYANNFLFKQG 	+
Beta_3 	LAIEATPA 	-
Alpha_2 	TPANLKALEAQKQKEQR 	-
Alpha_4 	DQKEAALVDMVNDGVEDLRCKYATLIYT 	-
Alpha_5 	YEAGKEKYVKELPEHLKPFETLLSQ 	-
Alpha_6 	QISFADYNLLDLLRIHQVLN 	+
Alpha_7 	PLLSAYVARLSA 	-
Alpha_8 	PKIKAFLA 	-
M_2 	AYVKKLDSGTGKELVLAL 	-
M_4 	YDYQEKSPREVTMKKGD 	-
M_8 	DILTLLNSTNKDWWKVEVND 	+
M_C 	GGKDWWKVGG 	-
M_6 	DWWKVEVNDRQGFVPA 	+
M_68 	DILTLLNSTNKDWWKVEVNDRQGFVPA 	+
M_681 	DILTLLNSTNKDWWKVEVNDRQGFVPA 	-
H1_Wt 	VPSNEEQIKNLLQLEAQEHLQY 	-
H1_Mt 	VPSNEEQIKKLLELEAKKHLQY 	-
H2_WT 	FVNVQAVKVFLESQGIAY 	+
H2_Mt 	FVNVEAVKAFLEAHGIAY 	+
Ara1 	AVGKSNLLSRYARNEFSA 	-
Ara2 	RFRAVTSAYYRGAVG 	-
Ara3 	TRRTTFESVGRWLDELKIHSD 	-
Ara4 	AVSVEEGKALAEEEGLF 	-
Ara5 	STNVKTAFEMVILDIYNNV 	+
ComA1 	DHPAVMEGTKTILETDSNLS 	-
ComA2 	EPSEQFIKQHDFSSY 	-
ComA3 	VNGMELSKQILQENPH 	-
ComA4 	EVEDYFEEAIRAGLH 	-
ComA5 	TESKEKITQYIYHVLNGEIL 	+
Che_Y1 	DFSTMRRIVRNLLKELGYN 	-
Che_Y2 	EDGVDALNKLQAGGY 	-
Che_Y3 	MDGLELLKTIRADSAY 	-
Che_Y4 	AKKENIIAAAQAGASGY 	+
Che_Y5 	PFTAATLEEKLNKIFEKLGMY 	+
FXN1 	GTGNTEKMAELIAKGIIESGKDY 	-
FXN3 	EESEFEPFIEEISTKISY 	-
FXN4 	GDGKWMRDFEQRMNGYGSV 	-
FXN5 	EPDEAEQDSIEFGKKIANIY 	-
P21A 	GVGKSALTIQLIQNHFVY 	+
P21B 	EYSAMRDQYMRTGEG 	-
P21C 	INNTKSFEDIHQYREQIKRVKDS 	-
P21D 	ARTVESRQAQDLARSYGIP 	-
P21E 	RQGVEDAFYTLVREIRQHK 	+
PL_B1_95-114_pH_4.1 	VTIKANLIFANGFTQTAEFKG 	+
PL_B1_114-138_pH_2.4 	KGTFEKATSEAYAYADTLKKDNGEY 	+
PL_B1_136-155D_pH_6.1 	GEYTVDVADKGYTLNIKFAGD 	+
ProteinG2-19 	TYKLINGKTLKGETTTEA 	-
ProteinG21-40 	GDAATAEKVFKQYANDNGVD 	-
ProteinG41-56 	GEWTYDDATKTFTVTE 	+
1-10 	QGGGTHSQWN 	-
6-15 	HSQWNKPSKP 	-
11-20 	KPSKPKTNMK 	-
16-25 	KTNMKHMAGA 	-
21-30 	HMAGAAAAGA 	-
26-35 	AAAGAVVGGL 	-
31-40 	VVGGLGGYML 	-
36-45 	GGYMLGSAMS 	-
41-50 	GSAMSRPIIH 	-
51-60 	FGSDYEDRYY 	-
56-65 	EDRYYRENMH 	-
61-70 	RENMHRYPNQ 	-
66-75 	RYPNQVYYRP 	-
71-80 	VYYRPMDEYS 	-
76-85 	MDEYSNQNNF 	-
81-90 	NQNNFVHDCV 	-
86-95 	VHDCVNITIK 	+
91-100 	NITIKQHTVT 	-
96-105 	QHTVTTTTKG 	-
101-110 	TTTKGENFTE 	-
106-115 	ENFTETDVKM 	-
111-120 	TDVKMMERVV 	-
116-125 	MERVVEQMCI 	-
121-130 	EQMCITQYER 	-
126-135 	TQYERESQAY 	-
131-140 	ESQAYYQRGS 	-
136-145 	YQRGSSMVLF 	-
141-150 	SMVLFSSPPV 	+
146-155 	SSPPVILLIS 	+
151-160 	ILLISFLIFL 	+
156-163 	FLIFLIVG 	+
5-14 	RCELARTLKR 	+
10-19 	RTLKRLGMDG 	-
15-24 	LGMDGYRGIS 	-
20-29 	YRGISLANWM 	-
25-34 	LANWMCLAKW 	+
30-39 	CLAKWESGYN 	-
35-44 	ESGYNTRATN 	-
40-49 	TRATNYNAGD 	-
45-54 	YNAGDRSTDY 	-
50-59 	RSTDYGIFQI 	-
55-64 	GIFQINSRYW 	-
60-69 	NSRYWCNDGK 	-
65-74 	CNDGKTPGAV 	-
70-79 	TPGAVNACHL 	-
75-84 	NACHLSCSAL 	-
85-94 	LQDNIADAVA 	-
90-99 	ADAVACAKRV 	-
95-104 	CAKRVVRDPQ 	-
100-109 	VRDPQGIRAW 	-
105-114 	GIRAWVAWRN 	-
110-119 	VAWRNRCQNR 	-
115-124 	RCQNRDVRQY 	-
120-129 	DVRQYVQGCG 	-
4-13 	RTPKIQVYSR 	-
9-18 	QVYSRHPAEN 	-
14-23 	HPAENGKSNF 	-
24-33 	LNCYVSGFHP 	-
29-38 	SGFHPSDIEV 	-
34-43 	SDIEVDLLKN 	-
39-48 	DLLKNGERIE 	-
44-53 	GERIEKVEHS 	-
49-58 	KVEHSDLSFS 	-
54-63 	DLSFSKDWSF 	+
59-68 	KDWSFYLLYY 	+
64-73 	YLLYYTEFTP 	+
69-78 	TEFTPTEKDE 	+
74-83 	TEKDEYACRV 	-
79-88 	YACRVNHVTL 	-
84-93 	NHVTLSQPKI 	- 
3D profile	YTVIIE 	+
3D profile	WTVIIE 	+
3D profile	VTVIIE 	+
3D profile	TTVIIE 	+
3D profile	SYVIIE 	+
3D profile	SVVIIE 	+
3D profile	STVYIE 	+
3D profile	STVWIE 	+
3D profile	STVTIE 	+
3D profile	STVNIE 	+
3D profile	STVLIE 	+
3D profile	STVIYE 	+
3D profile	STVIIY 	+
3D profile	STVIIW 	+
3D profile	STVIIV 	+
3D profile	STVIIT 	+
3D profile	STVIIS 	+
3D profile	STVIIQ 	+
3D profile	STVIIN 	+
3D profile	STVIIM 	+
3D profile	STVIIL 	+
3D profile	STVIII 	+
3D profile	STVIIF 	+
3D profile	STVIIE 	+
3D profile	STVIID 	+
3D profile	STVIIA 	+
3D profile	STVIFE 	+
3D profile	STVFIE 	+
3D profile	STVEIE 	+
3D profile	STSIIE 	+
3D profile	STQIIE 	+
3D profile	STNIIE 	+
3D profile	STLIIE 	+
3D profile	STFIIE 	+
3D profile	STEIIE 	+
3D profile	SSVIIE 	+
3D profile	SQVIIE 	+
3D profile	SNVIIE 	+
3D profile	SMVIIE 	+
3D profile	SLVIIE 	+
3D profile	SIVIIE 	+
3D profile	SGVIIE 	+
3D profile	SFVIIE 	+
3D profile	SEVIIE 	+
3D profile	SDVIIE 	+
3D profile	SAVIIE 	+
3D profile	QTVIIE 	+
3D profile	NTVIIE 	+
3D profile	MTVIIE 	+
3D profile	LTVIIE 	+
3D profile	ITVIIE 	+
3D profile	GTVIIE 	+
3D profile	FTVIIE 	+
3D profile	ETVIIE 	+
3D profile	DTVIIE 	+
3D profile	ATVIIE 	+
3D profile	NHVTLS 	+
3D profile	LLYYTE 	+
3D profile	KIVKWD 	+
3D profile	KDWSFY 	+
3D profile	FYLLYY 	+
3D profile	VEALYL 	+
3D profile	LYQLEN 	+
3D profile	LVEALY 	+
3D profile	NFGAIL 	+
3D profile	FLVHSS 	+
3D profile	VQIVYK 	+ 
3D profile	SWVIIE 	-
3D profile	STYIIE 	-
3D profile	STVVIE 	-
3D profile	STVSIE 	-
3D profile	STVQIE 	-
3D profile	STVPIE 	-
3D profile	STVMIE 	-
3D profile	STVIWE 	-
3D profile	STVIVE 	-
3D profile	STVITE 	-
3D profile	STVISE 	-
3D profile	STVIQE 	-
3D profile	STVIPE 	-
3D profile	STVINE 	-
3D profile	STVIME 	-
3D profile	STVILE 	-
3D profile	STVIIP 	-
3D profile	STVIGE 	-
3D profile	STVIEE 	-
3D profile	STVIDE 	-
3D profile	STVIAE 	-
3D profile	STVGIE 	-
3D profile	STVDIE 	-
3D profile	STVAIE 	-
3D profile	STTIIE 	-
3D profile	STPIIE 	-
3D profile	STMIIE 	-
3D profile	STIIIE 	-
3D profile	STGIIE 	-
3D profile	STDIIE 	-
3D profile	STAIIE 	-
3D profile	SPVIIE 	-
3D profile	PTVIIE 	-
3D profile	KTVLIE 	-
3D profile	KTVIYE 	-
3D profile	KTVIVE 	-
3D profile	KTVIIT 	-
3D profile	KTVIIE 	-
3D profile	YYTEFT 	-
3D profile	YVSGFH 	-
3D profile	WSFYLL 	-
3D profile	VYSRHP 	-
3D profile	VTLSQP 	-
3D profile	VKWDRD 	-
3D profile	TEFTPT 	-
3D profile	SRHPAE 	-
3D profile	SGFHPS 	-
3D profile	SDLSFS 	-
3D profile	RVNHVT 	-
3D profile	RTPKIQ 	-
3D profile	QPKIVK 	-
3D profile	PTEKDE 	-
3D profile	PSDIEV 	-
3D profile	PKIQVY 	-
3D profile	NGKSNF 	-
3D profile	NGERIE 	-
3D profile	LSQPKI 	-
3D profile	LSFSKD 	-
3D profile	LKNGER 	-
3D profile	KWDRDM 	-
3D profile	KVEHSD 	-
3D profile	KSNFLN 	-
3D profile	IQVYSR 	-
3D profile	IQRTPK 	-
3D profile	IEKVEH 	-
3D profile	HPAENG 	-
3D profile	FTPTEK 	-
3D profile	FSKDWS 	-
3D profile	FHPSDI 	-
3D profile	EVDLLK 	-
3D profile	ERIEKV 	-
3D profile	EKDEYA 	-
3D profile	EHSDLS 	-
3D profile	DLLKNG 	-
3D profile	DIEVDL 	-
3D profile	AENGKS 	-
3D profile	YQLENY 	-
3D profile	SLYQLE 	-
3D profile	SHLVEA 	-
3D profile	RGFFYT 	-
3D profile	HLVEAL 	-
3D profile	GSHLVE 	-
3D profile	GFFYTP 	-
3D profile	GERGFF 	-
3D profile	FYTPKT 	-
3D profile	FVNQHL 	-
3D profile	FFYTPK 	-
3D profile	ERGFFY 	-
3D profile	EALYLV 	-
3D profile	NLGPVL 	-
3D profile	LIAGFN 	- 
SP1	TMMKFQLLKSAEEKLFAS	-
SP2	MLSLKESAKMFFATKELQ	-
SP3	KQFTLEMAFLSKALSEMK	-
SP4	KLAFMLKQAELSSEKTFM	-
SP5	FAKFASEKKLESMTLMLQ	-
SP6	MLTFAEFKSMELKSQLAK	-
SP7	ASMFEAQLSKEKKMFTLL	-
SP8	ELLAKSEQAKSMLFTFMK	-
SP9	TKFSSFALLAQKEMLKME	-
SP10	ETLKMSMFLEAQFKKSAL	+
SP11	ASSQKKMKEMLAFFTLEL	+
SP12	MFSKMAKSLFLLAEKTQE	-
SP13	KLELKAASQMEFSFTMKL	+
SP14	KELKQELFFKASATLMMS	+
SP15	SAFMEKMLLLEKQFKAST	+
WT	MATLEKLMKAFESLKSFQ	-
K6A	MATLEALMKAFESLKSFQ	-
